stock_code,date,foreign_buy,percent_foreign_ownership,cash_dividend,dividend_yield,beta,eps,pe,forward_pe,bvps,pb
AAA,2024-12-05,52300,2.48,0,0,1.40,967,9.04,8.86,15896,0.55
AAS,2024-12-05,100,0.94,0,0,2.05,339,17.62,5.73,10837,0.55
AAM,2024-12-05,0,0.92,0,0,0.06,-511,-12.91,81.48,18914,0.35
A32,2024-12-05,0,0,3500,0.10,0.85,0,0,5.74,0,0
AAH,2024-12-05,0,0,0,0,1.81,100,35.06,9.38,10100,0.35
AAT,2024-12-05,0,0.82,0,0,0.71,257,13.10,23.87,10117,0.33
ABC,2024-12-05,0,0.91,500,0.04,1.45,1551,7.31,8.01,24214,0.47
AAV,2024-12-05,10800,0.10,0,0,1.19,-140,-54.19,20.97,11201,0.68
ABB,2024-12-05,0,16.41,0,0,0.63,67,108.54,7.55,12759,0.57
ABI,2024-12-05,0,10.13,1000,0.04,0.99,2394,10.87,8.33,21353,1.22
ABR,2024-12-05,0,48.40,2000,0.15,0.51,584,22.62,15.20,14474,0.91
ABT,2024-12-05,0,2.32,2000,0.05,0.06,6431,6.21,7.66,44535,0.90
ABS,2024-12-05,0,0,0,0,1.06,52,73.13,15.32,11513,0.33
ABW,2024-12-05,0,0.70,0,0,1.73,1016,7.84,6.44,14023,0.57
ACB,2024-12-05,0,30,1000,0.04,0.98,3992,6.28,6.36,17654,1.42
ACE,2024-12-05,0,0.23,3500,0.10,0.14,2069,17.31,8.54,20029,1.79
ACC,2024-12-05,0,7.70,0,0,0.94,646,21.27,12.99,12588,1.09
ACG,2024-12-05,0,38.55,1600,0.04,0.66,3263,12.40,13.86,27898,1.45
ACS,2024-12-05,0,0,0,0,-0.38,0,0,17.25,0,0
ACV,2024-12-05,122500,3.67,0,0,1.21,4613,26.56,28.45,26223,4.67
ADC,2024-12-05,0,0,1500,0.07,0.19,3562,5.73,4.23,19715,1.03
ADG,2024-12-05,0,46.35,0,0,0.20,1230,8.58,4.22,17034,0.62
ADP,2024-12-05,0,0.84,4250,0.15,0.27,3934,7.37,13.92,11800,2.46
AG1,2024-12-05,0,0,230,0.02,0.68,422,25.26,5.77,10038,1.06
AFX,2024-12-05,0,0,0,0,0.49,922,7.87,6.80,13319,0.54
AGG,2024-12-05,13900,0.98,0,0,1.29,2253,7.06,4.97,19924,0.80
AGF,2024-12-05,0,0.47,0,0,0.15,-95,-23.18,12.37,-6510,-0.34
AGM,2024-12-05,0,0.56,0,0,0.59,-14767,-0.22,11.94,-5250,-0.62
AGP,2024-12-05,0,0,0,0,0.23,2040,19.11,15.56,16654,2.34
AGR,2024-12-05,21300,0.27,700,0.04,1.96,585,28.55,19.44,11241,1.49
ACM,2024-12-05,0,1.90,0,0,1.90,-296,-2.03,10.20,6575,0.09
AIC,2024-12-05,0,75.11,0,0,1.49,-34,-378.27,39.63,10759,1.19
AGX,2024-12-05,0,1.72,1500,0.02,0.21,0,0,8.55,0,0
ACL,2024-12-05,0,2.26,0,0,0.26,202,55.62,7.05,16100,0.70
AMC,2024-12-05,0,2.86,1300,0.08,-0.01,2173,7.18,7.16,18084,0.86
ALV,2024-12-05,0,0.34,0,0,0.79,-233,-25.29,5.97,11280,0.52
ADS,2024-12-05,0,0.14,1000,0.11,1.12,433,20.80,6.25,12055,0.75
AME,2024-12-05,0,2.24,0,0,0.64,328,14.63,13.69,12214,0.39
AMS,2024-12-05,0,35.46,300,0.03,1.39,1134,8.26,6.71,13358,0.70
AMD,2024-12-05,0,0.72,0,0,0,-782,-1.41,8.99,10588,0.10
AMP,2024-12-05,0,0,0,0,1.98,278,48.47,27.71,13863,0.97
AMV,2024-12-05,0,0,0,0,0.91,-445,-3.37,3.93,12403,0.12
APC,2024-12-05,0,15.02,0,0,0.13,-1019,-6.28,132.04,28639,0.22
ANV,2024-12-05,203600,1.42,500,0.03,1.70,464,39.12,7.92,21470,0.85
ANT,2024-12-05,0,0,0,0,0.16,3330,5.87,10.28,15725,1.24
APF,2024-12-05,0,0,4500,0.09,0.44,6614,7.98,10.47,37627,1.40
APH,2024-12-05,10000,28.14,0,0,1.02,511,13.72,5.44,24122,0.29
API,2024-12-05,52300,0.73,0,0,2.17,-558,-14.35,17.70,10709,0.75
APP,2024-12-05,0,0.47,0,0,1.25,-685,-13.04,12.05,10089,0.88
APL,2024-12-05,0,0,1200,0.07,-0.12,0,0,8.11,0,0
ARM,2024-12-05,0,0.11,1000,0.05,0.93,974,21.14,14,12044,1.71
APT,2024-12-05,0,0,0,0,0.49,-2698,-1,3.71,-7606,-0.36
ALT,2024-12-05,0,0,1000,0.08,0.42,-262,-48.11,11.08,37018,0.34
APS,2024-12-05,0,1.01,0,0,1.88,550,11.81,11.01,10006,0.65
APG,2024-12-05,6000,9.33,0,0,0.95,-300,-29.95,8.42,10887,0.83
ART,2024-12-05,0,0.66,0,0,0,-247,-5.25,6.01,1391,0.93
ASG,2024-12-05,0,0.73,0,0,0.28,396,46.85,72.71,22369,0.83
ASM,2024-12-05,59700,12.43,0,0,1.30,615,14.07,4.01,21836,0.40
ASA,2024-12-05,0,0.25,0,0,0,18,697.29,15.75,0,0
ASP,2024-12-05,0,48.97,0,0,0.37,196,20.52,16.68,7668,0.52
AST,2024-12-05,4500,43.53,2700,0.05,0.23,3016,17.71,10.45,14435,3.70
ATA,2024-12-05,0,0.05,0,0,2.91,60,10.08,0.24,-25217,-0.02
AVC,2024-12-05,0,0,9084,0.17,0.12,3154,17.28,34.79,14976,3.64
ATG,2024-12-05,0,0.09,0,0,0.50,-50,-38.15,57.84,41,46.34
ATB,2024-12-05,0,0.06,0,0,1.51,-247,-2.83,3.04,2292,0.31
ATS,2024-12-05,0,0.15,0,0,-0.36,51,229.73,8.19,12452,0.94
AVF,2024-12-05,0,0.21,0,0,0,-2388,-0.17,1.16,-45240,-0.01
BAB,2024-12-05,0,0,0,0,0.55,1213,9.65,9.53,12748,0.92
BAF,2024-12-05,307500,2.35,0,0,0.84,1104,22.47,19.38,11857,2.09
AVG,2024-12-05,0,0.07,0,0,1.59,727,29.57,30.78,16336,1.32
BBC,2024-12-05,0,0.72,1500,0.03,0.11,7085,7.40,8.90,78292,0.67
BAL,2024-12-05,0,0.08,700,0.08,0.21,0,0,18.12,0,0
BBH,2024-12-05,0,0,200,0.02,-0.28,0,0,49.11,0,0
BAX,2024-12-05,0,16.40,2500,0.06,-0.22,3610,11.25,16.06,26963,1.51
BBS,2024-12-05,0,0.53,900,0.08,0.18,1423,7.59,15.08,17721,0.61
BBM,2024-12-05,0,0.28,200,0.03,-0.42,1448,5.11,25.92,13753,0.54
BBT,2024-12-05,0,0.80,0,0,-0.26,-2060,-6.54,15.50,7233,1.86
BCC,2024-12-05,0,0.91,0,0,0.95,-1082,-6.93,5.82,14097,0.53
BCB,2024-12-05,0,0,2919,4.17,0,28,24.84,0.20,10028,0.07
BCA,2024-12-05,0,0,0,0,2.46,20691,0.50,19.60,28219,0.37
BCG,2024-12-05,450200,1.29,0,0,1.31,341,18.17,5.73,24196,0.26
BCE,2024-12-05,0,1.23,0,0,0.58,-240,-29.14,9.50,8827,0.79
BCF,2024-12-05,0,0,2800,0.07,-0.48,3069,13.36,17.37,12222,3.35
BCO,2024-12-05,0,0,0,0,0,0,0,10.32,0,0
BCM,2024-12-05,114700,2.09,1000,0.02,1.15,2796,23.32,28.72,19392,3.36
BCP,2024-12-05,0,3.26,0,0,0.42,77,138.58,106.38,12606,0.85
BCR,2024-12-05,0,0.01,0,0,1.84,210,23.45,5.51,12713,0.39
BDT,2024-12-05,0,0.13,648,0.09,1.04,152,47.62,26.90,14226,0.51
BDG,2024-12-05,0,1.42,2500,0.08,0.43,5882,5.64,8.75,23059,1.44
BDW,2024-12-05,0,0.05,2550,0.10,0.14,3294,7.94,6.82,16175,1.62
BCV,2024-12-05,0,0,0,0,0,194,111.09,30.71,11704,1.84
BED,2024-12-05,0,0,2200,0.07,-0.02,2128,14.47,17.33,13691,2.25
BDB,2024-12-05,0,0,800,0.10,0.24,648,12.19,7.42,11858,0.67
BEL,2024-12-05,0,0,1000,0.03,0.15,3,11870.50,36,8268,3.99
BFC,2024-12-05,99300,2.80,3000,0.08,1.64,5624,6.88,10.54,25337,1.53
BGE,2024-12-05,10000,0.01,0,0,2.10,567,19.22,15.50,14015,0.78
BGW,2024-12-05,0,0,548,0.03,0.55,551,33.58,29.98,10519,1.76
BHC,2024-12-05,0,0.90,0,0,0.58,2,859.73,67.86,-17140,-0.11
BHA,2024-12-05,0,0.03,900,0.04,0.28,2629,8.52,23.50,14651,1.53
BHG,2024-12-05,0,0,0,0,0,1745,6.30,78.63,11097,0.99
BHI,2024-12-05,0,75.02,0,0,0.35,-21,-519.11,110,11803,0.93
BHP,2024-12-05,0,0.03,250,0.04,-0.72,-461,-13.46,20.46,15453,0.40
BHN,2024-12-05,0,17.56,1500,0.04,0.19,1423,26.70,43.61,22286,1.71
BHK,2024-12-05,0,0.01,900,0.04,0.08,0,0,19.06,0,0
BIC,2024-12-05,20100,45.60,1500,0.04,1.19,4004,8.58,6.71,24106,1.42
BID,2024-12-05,222500,17,0,0,1.04,4201,10.75,12.49,24286,1.86
BIG,2024-12-05,0,0.04,0,0,1.22,0,0,3.85,0,0
BIO,2024-12-05,0,0,650,0.04,1.43,0,0,19.57,0,0
BII,2024-12-05,0,0,0,0,1.02,30,23.62,0.79,8971,0.08
BKG,2024-12-05,0,0.10,0,0,0.54,184,17.34,9.14,12473,0.26
BLF,2024-12-05,0,0,0,0,1.74,-370,-8.85,7.69,10581,0.31
BKC,2024-12-05,0,0.14,0,0,0.43,2115,4.97,23.70,17543,0.60
BLI,2024-12-05,0,1.03,0,0,0.93,1122,8.77,7.29,14705,0.67
BLN,2024-12-05,0,0.01,0,0,0,0,0,29.69,0,0
BLT,2024-12-05,0,0.01,8800,0.23,-0.12,0,0,24.28,0,0
BMF,2024-12-05,0,0,0,0,0.61,826,10.66,6.80,11152,0.79
BMD,2024-12-05,0,0,700,0.05,1.42,0,0,7.27,11879,1.09
BMG,2024-12-05,0,19.17,1500,0.08,0.09,915,21.20,7.33,16974,1.14
BMC,2024-12-05,0,4.88,1150,0.06,0.70,2152,9.08,14.29,18469,1.06
BMJ,2024-12-05,0,0,0,0,2.37,465,24.49,17.60,11469,0.99
BMP,2024-12-05,20700,84.11,11840,0.09,0.85,12419,10.24,10.11,35922,3.54
BMN,2024-12-05,0,0,700,0.08,0.18,1693,4.90,5.80,10561,0.79
BMS,2024-12-05,0,0.36,0,0,2.45,364,28.27,11.26,11994,0.86
BNA,2024-12-05,0,0,0,0,0.97,2260,4.20,3.49,21005,0.45
BNW,2024-12-05,0,0,780,0.08,0,1314,7,12.24,11020,0.83
BOT,2024-12-05,0,0.17,0,0,1.41,-1227,-2.10,30.57,1717,1.50
BQB,2024-12-05,0,0,0,0,1.91,-230,-13.47,9687.50,4431,0.70
BPC,2024-12-05,0,1.35,200,0.02,0.46,67,135.86,44.91,24596,0.37
BRC,2024-12-05,0,1.35,1100,0.08,0.31,1854,7.58,8.86,16849,0.83
BRR,2024-12-05,0,0,700,0.04,-0.39,1276,14.03,14.79,12399,1.44
BRS,2024-12-05,0,0,1400,0.07,0.22,-62,-337.91,6.41,13744,1.52
BSD,2024-12-05,0,0.40,500,0.03,2,0,0,230.09,0,0
BMI,2024-12-05,4800,30.26,500,0.02,0.98,2303,9.18,6.76,22835,0.93
BSC,2024-12-05,0,4.83,0,0,0,727,20.07,18.38,12733,1.15
BSI,2024-12-05,125600,39.86,0,0,1.96,1868,23.05,20.65,22306,1.93
BSG,2024-12-05,0,0,0,0,0.36,643,18.20,17.89,6035,1.94
BSH,2024-12-05,0,0.30,3000,0.14,-0.41,2261,9.51,12.73,17702,1.21
BMV,2024-12-05,0,0,84,0.01,0.63,49,184.01,66.73,10139,0.89
BSL,2024-12-05,0,0.25,700,0.07,0.57,734,13.08,12.41,10979,0.87
BSQ,2024-12-05,0,0,2000,0.10,0.14,1996,10.27,9.76,18410,1.11
BSA,2024-12-05,0,0,1000,0.05,0.01,478,46.27,28.77,14040,1.57
BSP,2024-12-05,0,0,1000,0.10,-0.39,324,30.88,126.47,14973,0.67
BSR,2024-12-05,0,0.64,700,0.04,1.68,961,20.22,52.50,17940,1.08
BST,2024-12-05,0,0.22,1300,0.10,-0.34,1744,7.68,7.02,14033,0.95
BT1,2024-12-05,0,0,800,0.06,0.14,0,0,9.55,0,0
BTG,2024-12-05,0,0,0,0,-0.99,205,38.62,18.80,15349,0.51
BTD,2024-12-05,0,0,2200,0.12,1.02,1443,13.17,13.78,39656,0.48
BT6,2024-12-05,0,8.28,0,0,0,-1264,-2.69,7.01,-29147,-0.12
BTH,2024-12-05,0,0.02,700,0.02,0.06,19685,1.78,2.20,29022,1.21
BTB,2024-12-05,0,0.01,0,0,-0.72,401,14.95,2281.37,14037,0.43
BTN,2024-12-05,0,0,0,0,0.45,0,0,-1.50,0,0
BTU,2024-12-05,0,0,1000,0.07,0.17,112,121.45,7.22,11159,1.22
BTS,2024-12-05,0,0.12,0,0,0.20,-1217,-4.11,-4.86,9278,0.54
BTV,2024-12-05,0,0,0,0,0.92,1362,8.08,8.65,9902,1.11
BTP,2024-12-05,100,8.56,3272,0.29,0.42,502,22.83,38.03,17220,0.66
BTT,2024-12-05,0,4.91,3350,0.10,0.31,3337,10.49,9.01,28086,1.25
BVB,2024-12-05,0,0.07,0,0,1.48,301,37.34,31.03,10933,1.03
BTW,2024-12-05,0,21.85,2212,0.06,-0.48,5995,6.34,6.47,28498,1.33
BVG,2024-12-05,0,0.09,0,0,-0.09,-1385,-1.59,9.53,5026,0.44
BVH,2024-12-05,148900,26.72,1004,0.02,0.76,2570,20.24,133.10,31998,1.63
BVL,2024-12-05,0,0,0,0,-0.71,430,22.78,6.85,14247,0.69
BWE,2024-12-05,2300,11.70,0,0,0.84,3158,14.98,14.86,24367,1.94
BVN,2024-12-05,0,0.29,0,0,-0.16,0,0,3.94,0,0
BWA,2024-12-05,0,0,450,0.04,0.55,0,0,22.77,0,0
BVS,2024-12-05,48200,2.20,800,0.02,2.71,2556,14.12,14.41,34272,1.05
BWS,2024-12-05,0,0.81,1000,0.03,-0.04,2973,11.27,13.67,11531,2.91
BXH,2024-12-05,0,0,250,0.01,0.87,133,136.20,96.66,18085,1
C21,2024-12-05,0,0.08,500,0.03,0.33,-470,-41.94,47.62,35675,0.55
C12,2024-12-05,0,0,0,0,0,558,5.74,3.88,16475,0.19
C22,2024-12-05,0,0,1000,0.06,-0.14,0,0,7.11,0,0
C32,2024-12-05,0,1.08,0,0,0.09,83,208.91,16.25,36027,0.48
C47,2024-12-05,0,0.04,0,0,0.59,232,25.59,8.63,12125,0.49
C92,2024-12-05,0,3.70,0,0,1.46,180,20.19,19.28,11622,0.31
C69,2024-12-05,0,0.12,0,0,0.59,260,25.03,20.09,13592,0.48
C4G,2024-12-05,0,0,0,0,1.57,578,13.61,11.23,10911,0.72
CAB,2024-12-05,0,0,326,0.03,0.65,656,16.02,49.57,12277,0.86
CAG,2024-12-05,0,0,168,0.02,0.69,-26,-273.35,22.08,10404,0.69
CAD,2024-12-05,0,3.45,0,0,1.48,-4237,-0.12,5.20,-71532,-0.01
CAP,2024-12-05,0,0,5000,0.12,0.16,2296,18.51,16.22,15719,2.70
CBS,2024-12-05,0,0,3000,0.10,0.54,0,0,4.82,0,0
CAN,2024-12-05,0,26.22,1200,0.02,-0.50,-190,-284.66,30.44,27601,1.96
CAT,2024-12-05,0,0,1000,0.05,-0.15,1135,16.21,6.41,11104,1.66
CBI,2024-12-05,0,0,0,0,-0.05,-826,-11.62,82.38,8976,1.07
CCC,2024-12-05,0,0,0,0,-0.01,753,24.58,15.25,14257,1.30
CC4,2024-12-05,0,0,500,0.04,-0.43,478,23.44,21.59,13525,0.83
CC1,2024-12-05,0,0.01,0,0,1.52,764,21.17,9.82,12291,1.32
CCI,2024-12-05,0,2.37,1300,0.06,-0.01,2079,11.26,15.64,15473,1.51
CCA,2024-12-05,0,0,800,0.06,-0.76,237,59.92,14.29,18315,0.78
CCL,2024-12-05,20000,0.95,500,0.06,2.06,821,10.39,8.47,12106,0.70
CCM,2024-12-05,0,0,2000,0.04,-0.01,7621,6.63,5.69,37668,1.34
CCP,2024-12-05,0,0,0,0,-0.82,407,79.90,31.20,18917,1.72
CCT,2024-12-05,0,0.03,0,0,-0.54,187,63.19,63.69,9455,1.25
CCR,2024-12-05,0,0.07,450,0.03,0.93,678,20.20,16.78,11313,1.21
CDC,2024-12-05,1700,1.14,0,0,0.32,980,17.19,7.80,15774,1.07
CCV,2024-12-05,0,0,3137,0.09,-0.91,0,0,7.02,0,0
CDG,2024-12-05,0,0,950,0.32,0.40,1538,1.95,2.86,13099,0.23
CDH,2024-12-05,0,0,500,0.05,1.87,0,0,4.95,0,0
CDP,2024-12-05,0,0,500,0.05,0.15,1009,10.53,9.95,11731,0.91
CDN,2024-12-05,0,0,1400,0.05,0.19,3024,10.12,8.30,17762,1.72
CDR,2024-12-05,0,0,500,0.04,0.90,0,0,18.39,0,0
CDO,2024-12-05,0,0.29,0,0,0.78,-163,-10.46,133.86,6573,0.26
CEG,2024-12-05,0,0,500,0.05,0,0,0,36.48,0,0
CEN,2024-12-05,0,0,0,0,0.34,-3,-693.07,65.14,10072,0.21
CEO,2024-12-05,289400,4.84,0,0,2.25,327,43.13,50.80,11713,1.20
CE1,2024-12-05,0,0,0,0,0,0,0,6.05,0,0
CET,2024-12-05,0,0.87,0,0,-0.14,-29,-153.37,5.63,11138,0.40
CFM,2024-12-05,0,0.53,200,0.02,0.70,0,0,17.17,0,0
CHC,2024-12-05,0,0,0,0,-1.05,0,0,22.55,0,0
CGV,2024-12-05,0,0.14,0,0,3.02,0,0,21.11,0,0
CH5,2024-12-05,0,0,1100,0.07,-0.04,0,0,13.95,0,0
CFV,2024-12-05,0,0,0,0,-1.70,2693,9.14,76.07,13496,1.82
CHP,2024-12-05,0,3.80,2500,0.08,0.10,2110,15.76,25.05,12258,2.71
CHS,2024-12-05,3000,3.32,950,0.08,0.34,1429,8.58,9.63,12080,1.01
CI5,2024-12-05,0,0,0,0,-1.15,0,0,65.73,0,0
CII,2024-12-05,70000,5.25,800,0.06,1.69,1598,8.88,10.53,29499,0.48
CIG,2024-12-05,0,0.05,0,0,0.33,168,52.11,18.46,4968,1.77
CID,2024-12-05,0,2.92,653,0.02,-2.20,-105,-266.62,0,4615,6.04
CIP,2024-12-05,0,0,0,0,-0.50,0,0,21.95,0,0
CJC,2024-12-05,0,0.27,0,0,0,770,33.49,37.53,11219,2.30
CIA,2024-12-05,0,0.95,0,0,0.39,468,20.73,44.36,17764,0.55
CKD,2024-12-05,0,0.03,1900,0.08,0.19,3093,7.28,9.07,16901,1.33
CK8,2024-12-05,0,0,0,0,0,0,0,3.97,0,0
CKA,2024-12-05,0,0,5000,0.12,0.44,0,0,6.53,0,0
CKG,2024-12-05,0,0.02,0,0,0.70,1428,16.10,15.43,14977,1.54
CLL,2024-12-05,0,10.48,2600,0.07,-0.20,2916,12.34,12.30,17679,2.04
CLG,2024-12-05,0,0.53,0,0,0,631,0.79,5.44,1254,0.40
CLC,2024-12-05,1300,2.24,4000,0.08,-0.01,6371,7.53,10.14,33676,1.43
CKV,2024-12-05,0,0.19,1100,0.09,1.28,477,26.20,18.61,18951,0.66
CLH,2024-12-05,0,5.31,2600,0.12,0.08,2896,7.53,6.54,14923,1.46
CLM,2024-12-05,0,0,3000,0.04,-0.04,18089,4.04,10.01,66093,1.10
CLX,2024-12-05,0,1.34,700,0.04,1.70,2192,7.29,7.53,20496,0.78
CMC,2024-12-05,0,0,0,0,0.04,-300,-18.33,5.02,13366,0.41
CLW,2024-12-05,0,4.79,1600,0.04,-0.03,3749,11.30,10.96,18787,2.25
CMD,2024-12-05,0,0.05,3000,0.14,0.53,2779,7.83,10.27,21739,1
CMF,2024-12-05,0,24.38,5000,0.01,0.54,31446,10.74,10.69,138008,2.45
CMK,2024-12-05,0,0,0,0,0,1205,7.30,11.80,12005,0.73
CMM,2024-12-05,0,0,0,0,-0.21,888,10.24,10.48,11996,0.76
CMP,2024-12-05,0,0,0,0,0,316,25.65,562.11,10779,0.75
CMS,2024-12-05,0,0,0,0,0.82,176,58.66,42.77,10965,0.94
CMT,2024-12-05,0,3.43,1000,0.07,2.32,3653,3.72,4.35,23016,0.59
CMV,2024-12-05,0,0.04,400,0.04,0.30,695,13.07,14.40,13366,0.68
CMW,2024-12-05,0,0.01,514,0.04,0.58,1016,12.10,13.81,11123,1.11
CMX,2024-12-05,8300,17.32,0,0,1.55,650,11.95,7.54,15180,0.51
CNA,2024-12-05,0,0,0,0,0,0,0,0,0,0
CNC,2024-12-05,2900,6.78,4000,0.11,0.67,4449,7.85,9.68,106196,0.33
CNG,2024-12-05,1400,2.85,1200,0.04,1.38,3124,9.96,12.30,17608,1.77
CNN,2024-12-05,0,0,1215,0.02,1.82,0,0,28.54,0,0
CMG,2024-12-05,214800,37.58,600,0.01,1.80,1861,30.36,26.56,18091,3.12
CMN,2024-12-05,0,0.06,2600,0.04,1.03,2405,27.03,11.56,26231,2.48
COM,2024-12-05,0,0.20,1500,0.06,-0.19,2461,11.05,24.01,29945,0.91
CNT,2024-12-05,0,0,100,0.01,2.44,4576,3.03,5.93,13594,1.02
CPA,2024-12-05,0,0,0,0,-0.49,-396,-17.93,-30.75,2293,3.10
CMI,2024-12-05,0,0.38,0,0,-0.61,-574,-1.92,0.87,-6620,-0.17
CPH,2024-12-05,0,0,1848,6.16,0,482,0.62,0.15,10981,0.03
CQN,2024-12-05,0,0,1000,0.03,0.35,1591,19.53,20.05,12712,2.44
CQT,2024-12-05,0,0,800,0.10,0.13,196,42.27,9.18,9735,0.85
CPI,2024-12-05,0,0,0,0,0.39,45,100.54,32.85,-661,-6.81
CPC,2024-12-05,0,4.13,1800,0.10,0.17,2511,7.21,8.85,20846,0.87
CRC,2024-12-05,0,0.16,0,0,0.56,1407,4.82,7.26,13529,0.50
CRE,2024-12-05,0,4.03,0,0,0.79,68,100.47,14.35,12186,0.56
CSI,2024-12-05,6100,33.74,0,0,3.57,-693,-42.95,27.79,10128,2.94
CST,2024-12-05,0,0,2000,0.09,1.10,7304,2.97,7.14,25057,0.87
CSC,2024-12-05,0,0,0,0,1.31,1076,27.14,8.35,22641,1.29
CSM,2024-12-05,92200,1.22,300,0.02,0.75,840,15.54,16.90,13043,1
CSV,2024-12-05,208800,2.22,2500,0.07,1.84,3950,9.52,15.90,13752,2.73
CT3,2024-12-05,0,0,0,0,0.24,0,0,12.61,0,0
CT6,2024-12-05,0,0.03,0,0,-1.14,1506,5.44,12.52,10362,0.79
CTA,2024-12-05,0,0.26,0,0,0,-843,-1.66,4.51,4690,0.30
CTD,2024-12-05,1400,49,0,0,1.26,3259,20.40,16.03,83762,0.79
CTB,2024-12-05,0,0.50,2000,0.11,0.58,2119,8.92,5.75,21659,0.87
CTC,2024-12-05,0,0.48,0,0,0,-118,-11.02,12.84,6632,0.20
CTG,2024-12-05,2080900,26.89,0,0,1.17,4128,8.55,9.81,26254,1.34
CTI,2024-12-05,41700,0.69,0,0,1.21,1966,8.55,9.62,27447,0.61
CTF,2024-12-05,11000,3.35,0,0,0.25,212,111.83,26.48,12085,1.96
CTP,2024-12-05,14900,0.84,0,0,1.24,28,1174.58,24.88,12261,2.68
CTR,2024-12-05,58400,10.33,4639,0.04,1.51,4639,27.20,27.15,14780,8.54
CTN,2024-12-05,0,1.53,0,0,0,-532,-0.94,1.39,-3545,-0.14
CTS,2024-12-05,60600,0.43,0,0,1.92,1382,24.60,18.05,14879,2.29
CTT,2024-12-05,0,0.45,1000,0.07,0.03,2972,5.01,4.67,14107,1.06
CVN,2024-12-05,0,0,0,0,-0.38,27,70.14,0.94,13600,0.14
CTX,2024-12-05,0,0.01,0,0,0,130,58.56,9.99,12900,0.59
CTW,2024-12-05,0,0,660,0.02,-0.47,3150,9.84,14.50,19821,1.56
D11,2024-12-05,0,0,0,0,-0.02,487,21.17,19.68,25644,0.40
CYC,2024-12-05,0,10.69,0,0,0.12,-14134,-0.16,9.95,5942,0.37
D17,2024-12-05,0,0,2000,0.05,0.06,1405,30.25,11.64,21967,1.93
CVT,2024-12-05,0,0.46,0,0,0.20,1418,18.33,18.71,26528,0.98
CX8,2024-12-05,0,0,100,0.01,0.78,66,105.28,25.85,10507,0.67
DAG,2024-12-05,0,0.86,0,0,0.80,-4718,-0.30,8.89,-1833,-0.76
DAC,2024-12-05,0,6.46,0,0,0.32,-4503,-1,-0.53,1997,2.25
DAD,2024-12-05,0,0,2000,0.10,-0.09,2494,8.02,6.67,20936,0.96
D2D,2024-12-05,1400,0.56,8700,0.27,0.68,678,46.87,21.66,30863,1.03
DAN,2024-12-05,0,0.16,700,0.03,0.12,3012,9.30,7.61,36128,0.78
DAH,2024-12-05,0,0,0,0,0.69,20,154.79,25.60,10955,0.28
DAE,2024-12-05,0,0,1200,0.08,0.41,1665,9.31,7.65,21893,0.71
DAS,2024-12-05,0,0,1000,0.16,0.28,0,0,5.25,0,0
DAT,2024-12-05,0,0.01,0,0,0.22,938,7.86,5.10,12654,0.58
DBC,2024-12-05,241700,7.35,0,0,1.47,2151,12.18,12.01,19503,1.34
DBM,2024-12-05,0,1.07,1700,0.07,-0.12,2895,8.81,8.25,24723,1.03
DBD,2024-12-05,65400,14.77,0,0,0.52,3427,16.93,16.96,17448,3.32
DBT,2024-12-05,0,1.28,0,0,0.07,987,12.87,5.31,14070,0.90
DC2,2024-12-05,100,2.40,0,0,0.52,529,13.42,10.04,11047,0.64
DCF,2024-12-05,0,0,0,0,-0.98,1742,39.60,45,15784,4.37
DC1,2024-12-05,0,0.74,0,0,-0.52,0,0,18.30,0,0
DC4,2024-12-05,55100,0.91,0,0,1.19,3744,3.93,7.72,13559,1.08
DCH,2024-12-05,0,0,100,0.01,0.14,0,0,55.80,0,0
DCG,2024-12-05,0,5.25,1500,0.13,-0.17,659,18.22,4.55,13442,0.89
DCL,2024-12-05,0,1.12,0,0,0.69,869,31.63,15.72,20316,1.35
DCM,2024-12-05,159400,6.45,2000,0.05,1.55,2886,12.71,24.45,18690,1.96
DCT,2024-12-05,0,0.39,0,0,0.25,-3078,-0.16,4.46,-17660,-0.03
DCR,2024-12-05,0,0,0,0,-0.04,324,19.14,40.30,10556,0.59
DCS,2024-12-05,0,0.62,0,0,-0.32,11,78.33,23.60,10487,0.09
DDG,2024-12-05,0,3.69,0,0,1.68,184,14.13,51.90,10090,0.26
DDH,2024-12-05,0,0,600,0.04,-0.65,0,0,10.13,0,0
DDM,2024-12-05,0,0.11,0,0,-1.48,-8479,-0.20,0.17,-73544,-0.02
DDV,2024-12-05,0,5.14,600,0.03,2.97,1185,15.10,20.89,11766,1.52
DDN,2024-12-05,0,0,0,0,-0.40,531,14.84,25.21,13447,0.59
DFC,2024-12-05,0,0,2000,0.10,-0.64,1565,12.91,7.83,24024,0.84
DFF,2024-12-05,0,0,0,0,2.09,-2450,-0.70,17.25,6404,0.27
DGC,2024-12-05,130200,17.57,6000,0.06,1.52,7743,13.94,13.22,37235,2.90
DGT,2024-12-05,0,0.23,0,0,1.93,462,13.18,12.21,12711,0.48
DGW,2024-12-05,53100,21.73,500,0.01,1.50,2333,18.32,18.96,13080,3.27
DHA,2024-12-05,1300,10.08,2000,0.05,0.77,4216,9.90,16.46,28499,1.46
DHB,2024-12-05,0,0,0,0,1.44,5835,1.44,13.62,2023,4.16
DHC,2024-12-05,188500,39.66,1000,0.03,0.51,3330,10.75,9.61,24330,1.47
DHG,2024-12-05,3100,53.72,7500,0.07,0.33,6362,16.14,12.43,33726,3.05
DHD,2024-12-05,0,0,300,0.01,0.32,1721,17.88,26.87,15832,1.94
DHM,2024-12-05,0,0.13,0,0,0.52,234,35.54,23.48,11342,0.73
DHN,2024-12-05,0,0,2000,0.06,-0.42,0,0,14.83,0,0
DIC,2024-12-05,0,0.37,0,0,0.14,-907,-1.10,18.99,-3591,-0.28
DHP,2024-12-05,0,0.76,1000,0.08,-0.59,1456,8.79,8.80,18114,0.71
DHT,2024-12-05,1700,36.62,1000,0.01,0.32,792,132.31,109.93,13074,8.02
DIG,2024-12-05,1761600,5,0,0,1.49,135,149.17,12.20,13035,1.55
DIH,2024-12-05,0,0,0,0,0.11,-380,-40.52,8.85,17340,0.89
DL1,2024-12-05,4800,6.01,0,0,0.92,497,11.28,7.83,13959,0.40
DID,2024-12-05,0,0.04,0,0,0.50,67,61.12,64.26,11801,0.35
DKC,2024-12-05,0,0,1300,1.44,0.63,0,0,0.84,0,0
DLD,2024-12-05,0,0,0,0,2.89,-2131,-2.67,-9.32,4194,1.36
DLG,2024-12-05,0,1.29,0,0,0.96,-237,-8.03,3.16,2149,0.88
DLT,2024-12-05,0,0.04,1000,0.16,0,-37446,-0.17,0.28,337805,0.02
DM7,2024-12-05,0,0,1711,0.09,0.43,4004,5,5.64,18969,1.05
DLR,2024-12-05,0,4.71,0,0,-0.49,396,50.27,152.15,-3875,-5.14
DMC,2024-12-05,0,56.57,2500,0.04,0.27,5289,12.48,11.46,44221,1.49
DMN,2024-12-05,0,0,0,0,0.10,458,12.15,3.03,12893,0.43
DMS,2024-12-05,0,0,200,0.02,0.83,1269,7.01,11.13,12103,0.74
DNA,2024-12-05,0,0,1500,0.07,0.53,2276,9.62,7.70,15346,1.43
DNC,2024-12-05,0,0,2500,0.03,-0.24,6468,12.11,12.45,16650,4.70
DND,2024-12-05,0,0,0,0,0.08,94,195.54,264.29,12004,1.53
DNE,2024-12-05,0,0,500,0.05,-1.24,573,16.24,7.13,10575,0.88
DNM,2024-12-05,0,3.50,0,0,0.45,-11013,-0.71,100.94,515,15.15
DNH,2024-12-05,0,0,4050,0.10,0.06,1637,24.37,31.09,12663,3.15
DNP,2024-12-05,0,0.18,0,0,0.67,326,62.90,39.59,42819,0.48
DNL,2024-12-05,0,0,1000,0.03,-1.07,6,5913.04,26.17,10344,3.29
DNN,2024-12-05,0,0,1700,8.50,0,1471,0.14,0.13,13584,0.01
DNW,2024-12-05,0,0.25,1200,0.04,0.05,2702,12.22,15.98,19787,1.67
DOC,2024-12-05,0,0,400,0.04,-0.32,0,0,26.60,0,0
DOP,2024-12-05,0,0,1200,0.09,0.03,0,0,6.96,0,0
DNT,2024-12-05,0,0,1000,0.04,-0.82,0,0,19.33,0,0
DP1,2024-12-05,0,0,2300,0.06,1.31,6597,5.68,8.16,19598,1.91
DP2,2024-12-05,0,0,0,0,-0.11,-884,-4.19,740,3939,0.94
DPG,2024-12-05,127300,6.82,1000,0.02,1.92,3424,15.04,9.45,39777,1.29
DP3,2024-12-05,0,0,3000,0.05,0.41,5657,10.61,15,21804,2.75
DPH,2024-12-05,0,0.06,1700,0.03,-0.41,567,88.33,7.74,23699,2.11
DPM,2024-12-05,75900,9.14,2000,0.06,1.29,1700,21.05,25.85,28704,1.25
DPC,2024-12-05,0,1.23,0,0,0.87,-2124,-4.71,4.47,11360,0.88
DPP,2024-12-05,0,0,1200,0.06,-0.18,0,0,7.15,0,0
DPR,2024-12-05,36800,5.01,1500,0.04,1.29,2719,13.83,14.73,37062,1.01
ECI,2024-12-05,0,0,0,0,0,-4313,-5.68,12.86,16630,1.47
DPS,2024-12-05,0,0.34,0,0,0,-217,-1.38,0.67,10472,0.03
DRC,2024-12-05,167000,9.37,1700,0.06,1.27,2259,12.42,14.61,16125,1.74
DRG,2024-12-05,0,0,0,0,2.29,382,20.95,91.15,11699,0.68
DQC,2024-12-05,0,0.61,0,0,0.35,-938,-13.76,22.16,32295,0.40
DRI,2024-12-05,1200,0.12,1000,0.08,2.78,1393,8.95,15.07,7809,1.60
DRH,2024-12-05,0,0.91,0,0,1.05,-955,-1.99,47.25,11563,0.16
DRL,2024-12-05,0,2.93,6800,0.12,0.12,4884,11.88,13.32,11567,5.01
DSE,2024-12-05,74500,13.33,500,0.02,1.18,748,32.23,46.78,12611,1.91
DS3,2024-12-05,0,0.32,0,0,-0.27,1452,3.58,5.55,7851,0.66
DSG,2024-12-05,0,0.17,0,0,1.12,-608,-9.38,-18.12,60,95
DSD,2024-12-05,0,0,0,0,0,166,120.16,77.53,12876,1.55
DSN,2024-12-05,0,15.62,4000,0.07,0.23,8062,6.72,6.30,27913,1.94
DSP,2024-12-05,0,0,0,0,-0.44,-31,-490.29,592.08,8047,1.91
DTB,2024-12-05,0,0,1073,0.08,-2.17,0,0,8.03,0,0
DTC,2024-12-05,0,0,0,0,0.43,-3624,-1.16,-1.40,2041,2.06
DST,2024-12-05,0,0,0,0,1.59,320,9.39,31.63,12386,0.24
DTA,2024-12-05,0,0.20,0,0,0.10,95,44.36,23.01,11320,0.37
DTE,2024-12-05,0,0,0,0,0.01,-98,-51.12,1.96,11118,0.45
DTD,2024-12-05,205600,0.88,0,0,2.77,2829,9.23,5.53,22744,1.15
DTI,2024-12-05,0,0,0,0,1.83,15,142.76,4.05,10059,0.21
DTH,2024-12-05,0,0,300,0.02,-0.14,482,28.20,18.15,18177,0.75
DTG,2024-12-05,0,0.09,0,0,0.53,3857,5.96,5.79,21061,1.09
DTK,2024-12-05,0,0.01,400,0.03,0.32,883,13.47,12.35,12202,0.98
DTL,2024-12-05,0,0,0,0,0.02,-240,-42.45,36.86,12543,0.81
DTT,2024-12-05,0,0.19,800,0.05,-0.29,1360,12.13,17.93,16000,1.03
DUS,2024-12-05,0,0,0,0,0,6,1317.07,-0.97,13641,0.59
DTP,2024-12-05,0,0,1500,0.01,-0.04,14883,9.31,8.65,57321,2.42
DVM,2024-12-05,0,0,0,0,0.98,1208,6.54,6.83,16981,0.47
DVG,2024-12-05,0,0,0,0,-0.81,16,82.64,4.85,11196,0.12
DVC,2024-12-05,0,0,600,0.06,-0.77,0,0,6.20,0,0
DVN,2024-12-05,0,0,700,0.03,1.33,1943,13.23,12.80,14220,1.81
DXG,2024-12-05,4068300,18.41,0,0,2.17,209,80.57,10.11,21694,0.77
DVW,2024-12-05,0,0,2000,0.10,0.01,0,0,6.11,0,0
DWC,2024-12-05,0,0,0,0,0.07,1267,9.40,33.16,11019,1.08
DWS,2024-12-05,0,0,600,0.05,0.01,1715,7.17,7.20,13663,0.90
DVP,2024-12-05,1000,13.97,7000,0.09,0.31,8235,9.35,8.93,35678,2.16
DXP,2024-12-05,0,0,500,0.04,1.42,1022,11.26,9.19,14106,0.82
DXL,2024-12-05,0,1.86,0,0,-0.03,6197,1.89,57.88,12237,0.96
DXS,2024-12-05,719400,19.19,0,0,1.76,-17,-445.03,2.09,14291,0.53
DZM,2024-12-05,0,9.71,0,0,0,-212,-13.69,8.40,-872,-3.33
DXV,2024-12-05,0,0.54,0,0,0.62,-994,-3.74,-5.20,9965,0.37
E12,2024-12-05,0,0,0,0,1.52,-2352,-2.59,2.09,9859,0.62
E29,2024-12-05,0,0,500,0.07,-0.15,39,189.32,8.49,10048,0.73
E1VFVN30,2024-12-05,149100,86.66,0,0,0,0,0,0,0,0
EBS,2024-12-05,0,0.66,800,0.06,1.19,1573,7.88,12.07,15389,0.81
ECO,2024-12-05,0,0,0,0,3.17,322,47.76,0,10921,1.41
EIC,2024-12-05,0,0,1700,0.07,-1.52,1399,16.44,23.85,11962,1.92
EIB,2024-12-05,275600,2.67,300,0.02,0.58,1547,11.89,6.21,12979,1.42
EFI,2024-12-05,0,0.03,0,0,0.33,48,28.94,15.23,15037,0.09
EIN,2024-12-05,0,0,0,0,1.04,-136,-17.71,109.31,8765,0.27
ELC,2024-12-05,57200,2.83,0,0,1.78,772,33.81,20.13,14173,1.84
EMG,2024-12-05,0,0,1500,0.05,0.47,0,0,6.18,0,0
EME,2024-12-05,0,0,700,0.02,-1.55,0,0,19.84,0,0
EMS,2024-12-05,0,0,1000,0.04,0.19,3066,8.62,8,13930,1.90
EID,2024-12-05,0,0,1400,0.05,0.15,5174,5.22,6.33,30461,0.89
EPC,2024-12-05,0,0,0,0,0.67,0,0,23.43,0,0
EVS,2024-12-05,0,0.36,0,0,1.63,52,99.79,7.99,11860,0.44
EPH,2024-12-05,0,0.24,1300,0.08,0.76,-331,-47.71,4.39,11203,1.41
EVE,2024-12-05,1300,66.87,500,0.05,0.85,-784,-13.39,7.35,22435,0.47
EVG,2024-12-05,157200,0.65,0,0,1.99,178,35.64,14.43,13233,0.48
EVF,2024-12-05,449500,0.64,0,0,1.82,754,13.52,12.28,12603,0.81
FCN,2024-12-05,18900,31.05,100,0.01,1.09,-204,-61.30,32.80,21215,0.59
FCM,2024-12-05,0,2.94,0,0,1,-41,-76.70,9.35,11717,0.27
FBC,2024-12-05,0,0,20000,5.41,0,929,3.98,0.23,17627,0.21
FCC,2024-12-05,0,0,0,0,0,0,0,99.95,0,0
FCS,2024-12-05,0,0,0,0,2.43,-17,-419.87,164.69,2090,3.40
FGL,2024-12-05,0,0,0,0,0.26,-1100,-9.18,-25.27,1373,7.36
FHS,2024-12-05,0,0,1800,0.05,0.71,4509,7.32,6.01,15897,2.08
FDC,2024-12-05,0,0.02,0,0,-0.32,26,608.26,119.85,11571,1.37
FHN,2024-12-05,0,0,400,0.03,0,141,99.87,19.23,15962,0.88
FIC,2024-12-05,0,0,500,0.03,-1.46,448,32.15,23.87,12568,1.15
FID,2024-12-05,0,0,0,0,-0.22,-180,-7.22,26.78,10666,0.12
FLC,2024-12-05,0,2.16,0,0,0,-2649,-1.32,2.82,11190,0.31
FIR,2024-12-05,25200,0.18,0,0,0.39,25,203.72,4.14,11544,0.45
FMC,2024-12-05,0,30.94,2000,0.04,0.52,4251,11.49,9.98,34848,1.40
FIT,2024-12-05,0,0.03,0,0,0.79,461,9.06,5.25,17469,0.24
FOC,2024-12-05,1000,0.91,2000,0.03,2.01,7795,10.13,6.95,42855,1.84
FPT,2024-12-05,1495000,46.05,2000,0.01,1.14,5652,25.39,19.27,24213,5.93
FOX,2024-12-05,0,0,2000,0.02,2.16,5627,17.25,13.62,20705,4.69
FRC,2024-12-05,0,0,0,0,-0.24,8,3813.33,12.26,11678,2.45
FRM,2024-12-05,0,0,426,0.10,0.08,117,34.92,18.45,11343,0.36
FRT,2024-12-05,202400,36.74,0,0,0.88,775,231.07,195.10,14614,12.25
FSO,2024-12-05,0,0,0,0,0,0,0,41.49,0,0
FTM,2024-12-05,0,0.55,0,0,-1.31,-2591,-0.27,5.83,-15777,-0.04
FT1,2024-12-05,0,1.52,3700,0.08,-0.10,0,0,6.54,0,0
FTI,2024-12-05,0,0,0,0,0,-331,-11.18,70.72,8688,0.43
FTS,2024-12-05,555900,30.49,500,0.01,1.86,1822,22.48,29.83,12940,3.16
GSM,2024-12-05,0,0,2000,0.08,0.59,1700,15.07,28.79,16119,1.59
FUCTVGF3,2024-12-05,0,0,0,0,0,0,0,0,0,0
FUCTVGF4,2024-12-05,0,0,0,0,0,0,0,0,0,0
FUEABVND,2024-12-05,0,0,0,0,0,0,0,0,0,0
FUCTVGF5,2024-12-05,0,0.46,0,0,0,0,0,0,0,0
FUCVREIT,2024-12-05,0,1.62,0,0,0,0,0,0,0,0
FUEDCMID,2024-12-05,6600,81.14,0,0,0,0,0,0,0,0
FUEBFVND,2024-12-05,0,0,0,0,0,0,0,0,0,0
FUEIP100,2024-12-05,0,2.24,0,0,0,0,0,0,0,0
FUEFCV50,2024-12-05,0,1.81,0,0,0,0,0,0,0,0
FUEKIV30,2024-12-05,26900,96.79,0,0,0,0,0,0,0,0
FUEKIVFS,2024-12-05,0,86.81,0,0,0,0,0,0,0,0
FUEMAV30,2024-12-05,2401100,96.47,0,0,0,0,0,0,0,0
FUEKIVND,2024-12-05,100,98.55,0,0,0,0,0,0,0,0
FUEMAVND,2024-12-05,100,91.29,0,0,0,0,0,0,0,0
FUESSV30,2024-12-05,1000,32.50,0,0,0,0,0,0,0,0
FUEVN100,2024-12-05,70900,5.39,0,0,0,0,0,0,0,0
FUESSVFL,2024-12-05,154400,49.15,0,0,0,0,0,0,0,0
FUEVFVND,2024-12-05,263100,93.21,0,0,0,0,0,0,0,0
G20,2024-12-05,0,0.14,0,0,1.16,-1835,-0.27,2.77,4322,0.12
G36,2024-12-05,0,0,0,0,1.33,524,12.03,61.05,10872,0.58
GAB,2024-12-05,0,0.31,0,0,0,-447,-438.93,975.71,10052,19.54
GAS,2024-12-05,42000,1.83,6000,0.09,0.59,4831,14.20,27.72,25465,2.69
GCB,2024-12-05,0,0,0,0,0,577,31.18,5.89,16405,1.10
GCF,2024-12-05,0,0.01,0,0,-0.57,1957,11.81,13.55,13868,1.67
GDA,2024-12-05,0,20.58,1000,0.04,2.13,2966,9.02,10.23,34078,0.79
GEG,2024-12-05,18400,53.69,0,0,1.46,318,34.91,17.37,16249,0.68
GDT,2024-12-05,3300,10.49,1000,0.04,0.70,2516,10.65,9.71,14388,1.86
GDW,2024-12-05,6800,6.38,1762,0.06,-0.45,1533,17.75,5.68,18294,1.49
GEE,2024-12-05,0,0.02,1000,0.03,0.96,3739,8.53,10.62,22208,1.44
GER,2024-12-05,0,0.01,400,0.03,-0.11,-417,-30.92,20.07,10618,1.21
GEX,2024-12-05,1810400,5.84,0,0,1.56,1217,15.32,8.34,26275,0.71
GIC,2024-12-05,3000,10.70,1200,0.08,0.16,1505,9.77,10.80,19725,0.75
GHC,2024-12-05,0,3.96,2000,0.07,0.52,3278,8.64,9.51,22485,1.26
GGG,2024-12-05,0,2.09,0,0,-1.14,-634,-4.57,1.42,-1559,-1.86
GIL,2024-12-05,24400,1.24,0,0,1.68,1489,14.41,15,36552,0.59
GH3,2024-12-05,0,0,430,0.07,0,0,0,10.54,0,0
GKM,2024-12-05,0,0.01,0,0,0.20,683,8.63,3.09,10861,0.54
GLC,2024-12-05,0,0,0,0,0,-1455,-6.87,-6.72,704,14.20
GLW,2024-12-05,0,0,300,0.04,0.14,658,12.16,12.94,10868,0.74
GMA,2024-12-05,0,0,0,0,0,853,62.82,536,23805,2.25
GLT,2024-12-05,0,0,1000,0.04,0.10,152,170.74,15.17,15233,1.71
GMD,2024-12-05,117300,48.99,2200,0.03,0.92,4260,15.19,11.91,33909,1.91
GMH,2024-12-05,0,0.72,1000,0.12,0.72,410,19.99,8.20,10654,0.77
GMC,2024-12-05,0,6.89,0,0,-0.21,-480,-15.64,6.20,11772,0.64
GMX,2024-12-05,0,6.30,1600,0.08,-0.02,1990,9.55,7.29,13217,1.44
GND,2024-12-05,0,0.25,2000,0.07,-0.26,508,56.83,9.98,15590,1.85
GPC,2024-12-05,0,0,0,0,1.68,1171,2.46,3.74,14352,0.20
GTD,2024-12-05,0,0,0,0,0.23,0,0,827.91,0,0
GSP,2024-12-05,0,0.69,0,0,0.78,1839,7.12,9.57,13681,0.96
GTA,2024-12-05,0,0.15,550,0.05,0.68,937,10.88,12.39,16125,0.63
GTS,2024-12-05,0,0,800,0.07,-0.09,996,10.84,13.31,11013,0.98
H11,2024-12-05,0,0.23,0,0,0.59,0,0,0.02,0,0
GTT,2024-12-05,0,0.12,0,0,0,-2979,-0.10,-0.08,-24716,-0.01
HAC,2024-12-05,0,0.63,0,0,1.23,336,31.58,8.14,9243,1.15
GVR,2024-12-05,233100,0.35,300,0.01,2.19,862,35.22,35.32,14339,2.12
GVT,2024-12-05,0,0.02,3600,0.05,-0.12,1034,69.60,14.41,12607,5.71
HAD,2024-12-05,0,11.43,1200,0.07,0.08,1833,8.78,14.29,19038,0.85
HAG,2024-12-05,1211400,2.61,0,0,1.03,1851,6.16,9.13,8473,1.35
HAI,2024-12-05,0,1.18,0,0,0,-51,-29.67,34.25,9947,0.15
HAF,2024-12-05,0,0,0,0,-0.14,-509,-24.58,16.42,10391,1.20
HAH,2024-12-05,121600,13.25,0,0,1.14,3939,12.69,20.92,29864,1.67
HAM,2024-12-05,0,0,1000,0.03,0.60,0,0,6.99,0,0
HAR,2024-12-05,600,2.58,0,0,1.26,90,36.16,17.10,11229,0.29
HAP,2024-12-05,0,2.21,0,0,0.73,118,36.38,9.22,11694,0.37
HAN,2024-12-05,0,0,300,0.03,1.41,432,23.40,31.45,11469,0.88
HAS,2024-12-05,0,15.33,50,0.01,0.47,-553,-14.27,12.64,16921,0.47
HBC,2024-12-05,100,10.44,0,0,1.32,2921,1.71,4.01,4739,1.05
HAV,2024-12-05,0,0,0,0,1.08,0,0,2126.97,0,0
HAX,2024-12-05,67600,16.82,300,0.02,1.32,1145,13.54,8.33,12601,1.23
HAT,2024-12-05,0,5.04,3000,0.07,-0.80,8247,5.09,7.02,24476,1.72
HBD,2024-12-05,0,0.47,1400,0.08,0.09,1348,12.98,9.89,14685,1.19
HBH,2024-12-05,0,2,0,0,-0.30,-130,-38.38,82.99,9842,0.51
HBS,2024-12-05,0,0.18,2000,0.31,1.71,437,14.88,4.66,10960,0.59
HC1,2024-12-05,0,0,1000,0.09,0.66,482,22.42,7.05,24076,0.45
HC3,2024-12-05,100,0.20,3000,0.11,-2.09,2016,13.59,12.60,34399,0.80
HCD,2024-12-05,0,0,0,0,0.89,1450,5.91,5.21,12906,0.66
HCC,2024-12-05,0,13.05,1200,0.10,-0.20,1634,7.34,5.67,12707,0.94
HCB,2024-12-05,0,0,2000,0.10,-0.32,0,0,4.55,0,0
HCI,2024-12-05,0,0,0,0,0,0,0,23.02,0,0
HCM,2024-12-05,311600,44.96,1178,0.04,1.91,1680,16.13,16.47,14286,1.90
HD6,2024-12-05,0,0,1000,0.07,1.39,1156,12.15,4.72,20843,0.67
HCT,2024-12-05,0,0.38,0,0,0,-883,-10.87,40.33,18880,0.51
HD2,2024-12-05,0,0.06,0,0,0.41,1854,9.64,47.12,16430,1.09
HD8,2024-12-05,0,0,1300,0.16,0.04,0,0,113.89,0,0
HDA,2024-12-05,0,0,0,0,0.72,-75,-50.45,6.56,12068,0.31
HDB,2024-12-05,1286200,16.53,1000,0.04,1,4478,5.78,5.98,18398,1.41
HDG,2024-12-05,1093700,18.31,500,0.02,1.91,2305,12.52,9.98,22465,1.28
HDC,2024-12-05,237600,3.01,0,0,1.63,790,32.53,10.81,12728,2.02
HDM,2024-12-05,0,0.06,6000,0.18,0.63,5194,6.58,6.24,21015,1.63
HDO,2024-12-05,0,0.44,0,0,0,-6236,-0.06,4.52,-9279,-0.04
HDS,2024-12-05,0,0,0,0,0,41,201.70,20.03,10224,0.81
HDP,2024-12-05,0,0,1200,0.07,0.12,434,41.97,12.05,13684,1.33
HEC,2024-12-05,0,0,4500,0.08,0.19,0,0,7.47,0,0
HDW,2024-12-05,0,0.04,792,0.05,-0.95,1508,9.68,10.34,14083,1.04
HEP,2024-12-05,0,0.72,1039,0.06,-0.11,0,0,7.27,0,0
HEJ,2024-12-05,0,0,0,0,-0.07,0,0,57.30,0,0
HES,2024-12-05,0,0,0,0,-0.23,515,92.18,31.70,12500,3.80
HFC,2024-12-05,0,0,0,0,2.70,0,0,7.63,0,0
HEV,2024-12-05,0,2.34,0,0,-0.08,-1208,-18.13,43.80,12209,1.79
HFX,2024-12-05,0,0,0,0,-1.24,0,0,4.95,0,0
HGT,2024-12-05,0,49,0,0,-1.07,3537,2.88,59.82,10695,0.95
HGM,2024-12-05,0,0.19,5500,0.03,0.09,11214,15.87,44.86,25910,6.87
HFB,2024-12-05,0,0,850,0.10,-1.54,0,0,11.78,0,0
HHC,2024-12-05,0,0.22,0,0,-0.50,2916,39.09,26.75,38597,2.95
HHN,2024-12-05,0,0,1200,2.40,0,0,0,0.55,0,0
HHP,2024-12-05,0,6.80,0,0,0.62,202,42.79,16.60,11869,0.73
HHG,2024-12-05,0,0.20,0,0,2.43,-991,-1.41,9.17,2677,0.52
HHS,2024-12-05,329200,5.48,0,0,1.61,1325,5.67,9.21,12984,0.58
HHV,2024-12-05,128900,8.49,0,0,1.32,672,16.51,11.87,15744,0.71
HID,2024-12-05,0,0.57,0,0,0.66,269,9.79,11.32,11890,0.22
HIG,2024-12-05,0,0,0,0,0.49,389,28.26,12.41,19432,0.57
HIO,2024-12-05,0,0.04,0,0,0.62,927,10.75,10.57,11972,0.83
HII,2024-12-05,0,0.80,0,0,0.71,64,70.23,3.58,13391,0.34
HJC,2024-12-05,0,0,0,0,-0.09,1109,5.41,7.28,13952,0.43
HKT,2024-12-05,0,0.26,0,0,0.24,151,56.99,10.55,11722,0.73
HKB,2024-12-05,0,0.82,0,0,2.04,-1137,-0.53,-2.67,1981,0.30
HLA,2024-12-05,0,0.12,0,0,0,-3771,-0.11,0.40,-46986,-0.01
HJS,2024-12-05,0,0.61,2200,0.07,0.43,2519,12.86,16.01,14984,2.16
HLB,2024-12-05,0,0,9000,0.03,-0.24,0,0,9.45,0,0
HLC,2024-12-05,0,9.68,800,0.07,0.66,2946,4.14,3.12,15457,0.79
HLS,2024-12-05,0,0,1000,0.06,0.32,0,0,12.93,0,0
HLD,2024-12-05,0,4.23,0,0,0.44,113,254.78,230.28,21271,1.36
HLO,2024-12-05,0,39.35,0,0,0.10,0,0,18.94,0,0
HLT,2024-12-05,0,0,0,0,0.04,16,777.01,15.03,19390,0.63
HMG,2024-12-05,0,0,800,0.07,0,2043,5.68,10.44,11124,1.04
HLY,2024-12-05,0,1.56,0,0,0.39,-4613,-3.58,-1.91,609064,0.03
HMH,2024-12-05,0,0.48,0,0,-0.12,1211,10.74,21.45,17006,0.76
HMC,2024-12-05,0,0.43,800,0.07,0.74,1071,10.55,19.28,14436,0.78
HNA,2024-12-05,0,0,1000,0.04,-0.05,1086,23.49,33.33,13367,1.91
HMS,2024-12-05,0,0,800,0.02,0.33,0,0,13.64,0,0
HND,2024-12-05,0,0.02,1402,0.11,0.97,613,21.55,17.66,12223,1.08
HMR,2024-12-05,0,0,968,0.09,0.46,983,11.40,7.86,13329,0.84
HNB,2024-12-05,0,0.31,650,0.05,1.69,740,16.76,8.38,10688,1.16
HNF,2024-12-05,0,0.09,4500,0.16,0.54,4996,5.64,12.38,21722,1.30
HNM,2024-12-05,0,0,0,0,0.76,605,14.25,7.97,10579,0.81
HNI,2024-12-05,0,0,1500,0.07,0.67,2990,7.69,17.09,17586,1.31
HNG,2024-12-05,170000,1.68,0,0,2.10,-1043,-4.79,-46.15,1677,2.98
HNP,2024-12-05,0,2.67,500,0.03,-0.01,0,0,22.63,12531,1.44
HNR,2024-12-05,0,45.57,0,0,0,-586,-20.49,-10.62,17417,0.69
HOM,2024-12-05,0,0.80,0,0,0.05,-783,-4.73,-2.65,12195,0.30
HOT,2024-12-05,0,0,0,0,-0.34,1164,15.47,28.55,6650,2.71
HPG,2024-12-05,5682000,21.78,0,0,1.06,2028,13.17,17.08,17476,1.53
HPB,2024-12-05,0,0.08,1500,0.08,-0.19,4007,4.62,21.75,21939,0.84
HPD,2024-12-05,0,10.32,1000,0.04,0.21,1564,14.44,9.40,13296,1.70
HPH,2024-12-05,0,0,0,0,0.11,0,0,17.63,0,0
HPI,2024-12-05,0,0,0,0,-0.12,1416,9.18,32.28,6791,1.91
HPP,2024-12-05,0,23.57,3000,0.04,1.03,0,0,6.09,0,0
HPT,2024-12-05,0,3.47,1200,0.06,0.33,34,569.90,6.44,3553,5.40
HPM,2024-12-05,0,1.28,0,0,-0.12,3228,2.29,1.87,10000,0.74
HPW,2024-12-05,0,0.11,850,0.05,0.86,1455,12.89,14.88,14246,1.32
HPX,2024-12-05,310200,0.80,0,0,1.48,418,11.45,13.88,11948,0.40
HRB,2024-12-05,0,0,3050,0.05,0,0,0,27.89,0,0
HQC,2024-12-05,151700,0.76,0,0,0.95,54,56.74,1.77,9398,0.33
HSA,2024-12-05,0,0,0,0,0,9841,3.35,12.18,33698,0.98
HRC,2024-12-05,0,0.60,0,0,-0.33,640,67.78,240.55,18163,2.39
HSG,2024-12-05,390300,10.05,500,0.03,1.65,827,22.08,28.10,17573,1.04
HSI,2024-12-05,0,0,0,0,0.21,-3721,-0.38,7,-1257,-1.11
HSM,2024-12-05,0,0,0,0,-0.09,-7021,-0.80,17.94,18565,0.30
HSL,2024-12-05,0,1.86,0,0,0.49,325,12.41,8.54,11561,0.35
HSP,2024-12-05,0,2.93,1140,0.11,0.13,1411,7.58,9.19,15581,0.69
HSV,2024-12-05,0,0.06,0,0,2.30,189,20.04,14.88,10901,0.35
HT1,2024-12-05,9400,1.33,0,0,0.93,257,45.99,194.05,12733,0.93
HTE,2024-12-05,0,0,0,0,2.37,57,67.25,62.41,10156,0.38
HTG,2024-12-05,0,0.02,7500,0.16,0.67,6126,7.51,7.53,26052,1.77
HTL,2024-12-05,0,30.26,8500,0.30,0.60,4130,6.84,66.97,18195,1.55
HTP,2024-12-05,0,0,0,0,2.99,-634,-4.57,228.35,23692,0.12
HTT,2024-12-05,0,0.72,0,0,0.61,-415,-3.37,4.55,5880,0.24
HTV,2024-12-05,0,5.90,300,0.03,0.07,674,13.67,13.86,25078,0.37
HU1,2024-12-05,0,0.02,300,0.05,0.08,27,221.93,15.55,14904,0.40
HTC,2024-12-05,0,0,1700,0.07,0.71,2104,12.21,11.26,17648,1.46
HU4,2024-12-05,0,0.13,1000,0.09,1.43,590,18.32,6.34,13347,0.81
HTM,2024-12-05,0,0,0,0,0.94,-99,-96.98,-502.03,10025,0.96
HU3,2024-12-05,0,0.31,0,0,1.63,-1269,-2.76,43.75,14308,0.24
HTN,2024-12-05,39000,1,0,0,1.24,504,15.37,10.96,17174,0.45
HTI,2024-12-05,0,15.21,1600,0.10,0.06,2475,6.46,5.32,19569,0.82
HUT,2024-12-05,41100,1.52,0,0,0.61,76,208.39,21.37,13655,1.16
HU6,2024-12-05,0,0,0,0,-0.25,0,0,2059.93,0,0
HUB,2024-12-05,0,1.13,1500,0.08,0.50,2510,7.45,8.20,22640,0.83
HVA,2024-12-05,0,24.29,0,0,0.91,76,80.97,4.21,10368,0.60
HUG,2024-12-05,0,0,3000,0.09,-0.44,3287,10.19,11.88,13980,2.40
HVN,2024-12-05,258500,7.79,0,0,1.91,1794,15.05,-10.23,-5007,-5.39
HVG,2024-12-05,0,0.55,0,0,0,-2771,-0.51,0.91,2901,0.48
HVT,2024-12-05,0,0,3000,0.03,0.79,6289,14.77,9.63,38705,2.40
HVH,2024-12-05,15900,1.05,0,0,0.81,620,13.67,11.48,13683,0.62
HWS,2024-12-05,0,1.03,950,0.06,0.47,1443,11.57,10.55,12496,1.34
IBC,2024-12-05,0,1.33,0,0,0,-1048,-1.62,1,18285,0.09
IBD,2024-12-05,0,0,600,0.05,-0.26,208,55.24,10.64,10203,1.13
ICC,2024-12-05,0,6.70,1800,0.07,-1.74,0,0,15.97,0,0
HVX,2024-12-05,0,0.95,0,0,0.27,-1625,-1.55,-2.37,8188,0.31
ICG,2024-12-05,0,6.28,500,0.06,0.60,-467,-16.93,79,16212,0.49
ICF,2024-12-05,0,2.70,0,0,0.64,-178,-22.42,51.23,6540,0.61
IDC,2024-12-05,369500,22.85,4000,0.07,1.28,6634,8.11,7.10,20275,2.65
ICN,2024-12-05,0,0,3000,0.05,0.53,10236,5.42,17.05,18190,3.05
ICT,2024-12-05,0,0.55,500,0.04,0.65,1058,12.29,12.18,19994,0.65
ICI,2024-12-05,0,0,200,0.03,-2.18,0,0,53.60,0,0
IDI,2024-12-05,66600,0.94,0,0,1.65,254,32.17,8.09,12679,0.64
IDJ,2024-12-05,35600,0.70,0,0,1.99,756,8.07,10.18,12048,0.51
IDP,2024-12-05,0,13.29,8500,0.04,-0.24,16198,14.51,16.14,54347,4.32
IDV,2024-12-05,0,19.71,2500,0.06,0.80,3912,10.28,11.53,24638,1.63
IFS,2024-12-05,0,97.80,2400,0.09,1.51,2194,12.08,12.04,13704,1.93
IHK,2024-12-05,0,0.09,1250,0.09,0.06,2339,5.90,9.24,13392,1.03
ILB,2024-12-05,0,10.92,2107,0.06,0.15,4082,8.04,8.15,22125,1.48
ILA,2024-12-05,0,0,0,0,1.16,59,68.38,5.29,10851,0.37
ILC,2024-12-05,0,0,0,0,-1.54,1930,3.17,3.33,8142,0.75
IMP,2024-12-05,18300,49.32,1000,0.02,0.84,3743,12.82,17.48,13961,3.44
IJC,2024-12-05,42600,4.80,700,0.05,1.36,883,15.24,9.94,13285,1.01
IME,2024-12-05,0,0,0,0,-1.07,491,172.16,36.52,11382,7.43
ILS,2024-12-05,0,0,0,0,-0.74,578,22.70,221.28,9474,1.38
ING,2024-12-05,0,0,0,0,0.14,-389,-20.81,-17.58,-1279,-6.33
INN,2024-12-05,0,3.75,2500,0.05,0.30,6415,8.36,8.32,38173,1.40
INC,2024-12-05,0,9.40,800,0.03,-0.15,469,62.24,26.62,12267,2.38
IN4,2024-12-05,0,0,1500,0.03,-0.07,1487,33.69,7.91,15729,3.19
IPA,2024-12-05,5300,0.52,0,0,1.80,2203,5.45,6.04,20381,0.59
IRC,2024-12-05,0,0,350,0.04,0.21,821,10.59,25.37,10058,0.86
ISG,2024-12-05,0,0,0,0,-0.11,-3204,-2.18,0.43,-36288,-0.19
IST,2024-12-05,0,0.19,2300,0.06,-0.61,5506,6.54,5.97,18912,1.90
ITA,2024-12-05,0,0.40,0,0,0.87,234,10.02,12.39,11120,0.21
ISH,2024-12-05,0,0,2000,0.08,0.94,1657,15.50,14.92,12717,2.02
ITD,2024-12-05,300,1.07,0,0,0.95,-2109,-6.09,12.61,14279,0.90
ITC,2024-12-05,0,0.31,0,0,1.44,817,12.85,14.46,24242,0.43
JOS,2024-12-05,0,0.27,0,0,-0.56,-2963,-0.27,0,-20021,-0.04
IVS,2024-12-05,1500,80.06,0,0,1.44,261,34.45,18.52,11114,0.81
ITS,2024-12-05,0,0,100,0.03,0.43,189,19.59,9.79,10741,0.34
ITQ,2024-12-05,0,0,0,0,0.42,42,69.86,18.47,10435,0.28
JVC,2024-12-05,0,1.42,0,0,0.99,394,8.04,11.50,4651,0.68
KBC,2024-12-05,197800,18.86,0,0,1.76,550,50.89,5.37,26860,1.04
KCE,2024-12-05,0,0.01,1000,0.10,0.55,1939,5.26,7.65,15257,0.67
KAC,2024-12-05,0,0.03,0,0,0,110,190.11,50.40,13244,1.59
KCB,2024-12-05,0,2.56,500,0.06,0.13,2019,3.86,11.56,10875,0.72
KDH,2024-12-05,681600,36.54,0,0,0.93,582,56.40,37.82,20764,1.58
KDM,2024-12-05,0,0,0,0,0.45,318,50.36,27.95,10063,1.59
KGM,2024-12-05,0,0.02,375,0.05,0.80,509,14.68,15.84,10630,0.70
KHL,2024-12-05,0,0.59,0,0,0,-82,-8.51,16.80,3778,0.19
KHD,2024-12-05,0,0,0,0,0.71,-608,-16.29,12.92,13963,0.71
KHG,2024-12-05,618700,1.68,0,0,1.28,114,49.27,9.83,11590,0.48
KDC,2024-12-05,700,19.13,1600,0.03,0.22,-1948,-25.87,18.26,24936,2.02
KHP,2024-12-05,0,1.24,600,0.05,-0.11,3384,3.86,20.17,12831,1.02
KIP,2024-12-05,0,0,800,0.07,-0.01,1948,5.65,6.53,22740,0.48
KHW,2024-12-05,0,0,1238,0.04,0.72,2619,13.13,15.91,13110,2.62
KHS,2024-12-05,0,0,0,0,-0.31,2125,6.12,8.72,18168,0.72
KKC,2024-12-05,0,0.53,0,0,0.37,655,9.15,39,7844,0.76
KLB,2024-12-05,0,0.55,0,0,0.59,1854,6.39,5.41,17518,0.68
KLF,2024-12-05,0,0.53,0,0,0,-724,-1.11,13.78,9686,0.08
KMR,2024-12-05,0,62.36,0,0,0.46,86,37.41,16.70,11315,0.29
KSB,2024-12-05,188500,3.06,0,0,1.61,368,47.17,15.32,23026,0.75
KMT,2024-12-05,0,0,600,0.06,-0.03,1297,7.48,7.96,13920,0.70
KPF,2024-12-05,200,0.14,0,0,1.22,-5087,-0.31,82.73,8365,0.19
KOS,2024-12-05,5000,0.18,0,0,0.09,134,290.04,77.67,10767,3.60
KSD,2024-12-05,0,25.29,0,0,-0.42,2,2923.98,30,9993,0.50
KSF,2024-12-05,0,0,0,0,0.15,2108,19.22,47.65,26617,1.52
KSH,2024-12-05,0,0.22,0,0,0,-2,-216.22,7.67,8336,0.05
KSV,2024-12-05,0,0,500,0.01,-0.76,4239,12.08,34.13,17815,2.87
KST,2024-12-05,0,0.38,600,0.05,0.13,1269,9.06,8.61,12463,0.92
KSQ,2024-12-05,0,0.57,0,0,1.45,382,7.85,562.85,8965,0.33
KTL,2024-12-05,0,0.10,1100,0.05,1.02,2344,8.62,5.97,20972,0.96
KTC,2024-12-05,0,0,300,0.03,1.48,847,12.04,23.21,11575,0.88
KTT,2024-12-05,0,0,0,0,-0.15,-7007,-0.33,0.85,1882,1.22
KTS,2024-12-05,0,0.06,0,0,0.84,6891,6.02,7.97,45620,0.91
KTW,2024-12-05,0,0,1086,0.11,0,0,0,9.08,0,0
L10,2024-12-05,0,0.95,1000,0.05,0.03,3310,5.77,9.94,27990,0.68
L12,2024-12-05,0,0.06,0,0,0.68,430,10,7.50,18045,0.24
L14,2024-12-05,2200,0.18,500,0.02,2.22,799,36.42,35.92,13766,2.11
L18,2024-12-05,0,0,1000,0.03,1.57,3611,10.55,15.68,18083,2.11
KVC,2024-12-05,0,1.41,0,0,1.66,-405,-3.34,16.77,9064,0.15
L40,2024-12-05,0,0.11,0,0,1.25,1260,30.25,28.58,19373,1.97
L35,2024-12-05,0,0.01,0,0,0.62,-3116,-1.99,-19.56,4692,1.32
L44,2024-12-05,0,1.08,0,0,-0.45,-2347,-0.26,4.80,-22523,-0.03
L43,2024-12-05,0,1.06,0,0,0.59,-1487,-2.16,46.18,3791,0.85
L61,2024-12-05,0,0,0,0,1.10,-7010,-0.19,-0.17,-2555,-0.51
L45,2024-12-05,0,0.13,0,0,-0.23,17,191.53,136.77,10942,0.30
L62,2024-12-05,0,0,0,0,0.83,-14199,-0.25,149.38,-5466,-0.66
LAI,2024-12-05,0,0,0,0,1.58,-44,-769.81,2.58,10851,3.10
LAF,2024-12-05,2000,2.58,1500,0.08,0.31,2844,6.22,6.74,15163,1.17
LAS,2024-12-05,48700,0.13,1000,0.05,2.26,1832,11.46,17.43,12808,1.64
L63,2024-12-05,0,0,0,0,-0.41,0,0,21.19,0,0
LAW,2024-12-05,0,0,0,0,0.15,1075,26.05,18.46,16224,1.73
LCC,2024-12-05,0,0,0,0,-0.08,0,0,-148.62,0,0
LCG,2024-12-05,27400,2.04,500,0.05,1.24,839,11.98,14.97,13290,0.76
LCD,2024-12-05,0,0,0,0,0,990,21.91,59.18,20387,1.06
LBM,2024-12-05,0,15.67,3500,0.13,0.96,3330,8.26,12.22,15818,1.74
LBE,2024-12-05,0,0,0,0,0.30,667,30.13,40.20,12426,1.62
LCM,2024-12-05,0,4.50,0,0,-0.07,139,7.18,12.32,5019,0.20
LCS,2024-12-05,0,0.21,0,0,0.14,-63,-12.70,12.16,9536,0.08
LDG,2024-12-05,33700,0.93,0,0,1.56,-2101,-0.88,189.11,8757,0.21
LDP,2024-12-05,0,0,0,0,0.53,-478,-20.91,42.34,7569,1.32
LDW,2024-12-05,0,0,510,0.03,0,1157,13.40,15.20,11968,1.30
LG9,2024-12-05,0,0,0,0,1.81,0,0,14.88,0,0
LEC,2024-12-05,0,0.01,0,0,-0.16,-754,-7.66,18.81,12345,0.47
LGC,2024-12-05,0,44.98,2500,0.04,-0.10,4805,12.90,12.83,29014,2.14
LGM,2024-12-05,0,0,0,0,0.19,0,0,15.36,0,0
LGL,2024-12-05,0,2.10,0,0,0.81,-1040,-2.36,21.12,12357,0.20
LHC,2024-12-05,0,0.56,2500,0.04,0.59,3731,19.14,9.93,49565,1.44
LHG,2024-12-05,15900,18.02,1900,0.05,1.34,4059,8.88,13.72,32283,1.12
LIC,2024-12-05,0,0,0,0,1.52,113,322.63,62.20,4635,7.88
LIG,2024-12-05,0,0,0,0,0.82,2,1387.56,4.69,12108,0.24
LM3,2024-12-05,0,0,0,0,0.12,-6150,-0.57,29.65,-62383,-0.06
LKW,2024-12-05,0,3.82,2000,0.07,0,0,0,5.83,11318,2.70
LIX,2024-12-05,12000,3.94,3000,0.09,0.61,4581,6.90,8.53,14003,2.26
LLM,2024-12-05,0,0.02,450,0.03,-0.11,1308,11.16,19.40,12554,1.16
LM7,2024-12-05,0,0.34,0,0,0.65,-4751,-0.53,41.67,-1390,-1.80
LMC,2024-12-05,0,0,0,0,-1.94,421,29.71,4.81,11784,1.06
LM8,2024-12-05,0,0,1000,0.08,0.30,1752,7.59,7.20,31750,0.42
LNC,2024-12-05,0,0,40,0,0,104,96.41,95.37,10037,1
LMI,2024-12-05,0,0,800,0.08,0.10,0,0,9.75,0,0
LO5,2024-12-05,0,0.79,0,0,0.37,-1387,-0.58,-0.27,-22149,-0.04
LMH,2024-12-05,0,0.08,0,0,1.80,-159,-6.31,1.71,-1891,-0.53
LPB,2024-12-05,217000,0.61,0,0,0.78,3854,8.68,9.01,15901,2.10
LPT,2024-12-05,0,0,0,0,0.89,2062,3.13,7.05,13343,0.48
LSG,2024-12-05,0,0,0,0,2.15,-6,-1614.75,964.66,11548,0.90
LQN,2024-12-05,0,0,0,0,0.07,0,0,7.95,0,0
LSS,2024-12-05,0,0.82,0,0,1.56,1676,7.01,6.49,23798,0.49
LTC,2024-12-05,0,2.07,0,0,-0.10,-527,-2.85,28.66,11295,0.13
LTG,2024-12-05,0,33.55,0,0,1.31,2818,2.77,15.72,29520,0.26
LUT,2024-12-05,0,0.54,0,0,-0.41,-203,-3.46,13.13,7108,0.10
M10,2024-12-05,0,0,1500,0.07,1.26,3278,7.02,6.35,17302,1.33
MBB,2024-12-05,0,23.24,500,0.02,1.23,4057,5.88,6.21,20734,1.15
MA1,2024-12-05,0,0,3000,0.05,-0.20,0,0,5.25,0,0
MAS,2024-12-05,0,15.89,0,0,-0.36,1740,19.14,29.94,8060,4.13
MAC,2024-12-05,0,0.06,0,0,0.10,2802,7.92,16.81,15030,1.48
MBG,2024-12-05,0,0.59,0,0,1.26,-488,-6.15,9.02,10562,0.28
MBN,2024-12-05,0,0,0,0,0,0,0,-6.36,0,0
MBS,2024-12-05,438370,2.98,1200,0.04,2.56,1713,16,16.12,11291,2.43
MCG,2024-12-05,100,0.28,0,0,1.85,-37,-49.19,67.56,4446,0.40
MCF,2024-12-05,0,1.47,1200,0.14,0.58,983,8.44,7.88,10845,0.77
MCC,2024-12-05,0,0.08,480,0.04,0,177,67.80,22.78,14340,0.84
MCH,2024-12-05,8500,2.64,22300,0.10,1.01,10831,20.63,22.51,21866,10.22
MCO,2024-12-05,0,0.44,0,0,1.11,77,129.89,205.21,12934,0.77
MDA,2024-12-05,0,0,0,0,0,0,0,4.54,0,0
MCM,2024-12-05,0,0.93,2000,0.06,0.67,2130,15.87,11.21,21375,1.58
MCP,2024-12-05,0,0.16,0,0,0.10,1247,23.18,19.57,17526,1.65
MDC,2024-12-05,0,18.22,700,0.07,0.30,2274,4.31,3.35,14921,0.66
MDF,2024-12-05,0,0,0,0,0.88,-42,-155.55,10.83,11663,0.57
MED,2024-12-05,0,0,900,0.04,0.55,1318,18.21,18.48,26422,0.91
MEC,2024-12-05,0,0.37,0,0,0.01,-2318,-2.29,110.69,2785,1.90
MDG,2024-12-05,0,0,0,0,-0.73,-1349,-8.82,5.51,11237,1.06
MEF,2024-12-05,0,6.37,4500,0.78,1.56,0,0,0.73,0,0
MEL,2024-12-05,0,0.01,0,0,0.32,326,17.78,8.70,17016,0.34
MES,2024-12-05,0,0,0,0,0,-427,-23.41,5813.95,8772,1.14
MFS,2024-12-05,0,9.83,2500,0.07,2.33,826,42.87,16.64,22279,1.59
MGC,2024-12-05,0,0,200,0.04,-0.58,0,0,7.38,0,0
MGR,2024-12-05,0,0,0,0,-0.22,-733,-6.83,500,8492,0.59
MGG,2024-12-05,0,0,1500,0.05,0.16,0,0,13.27,0,0
MHL,2024-12-05,0,0.39,0,0,0,-886,-3.72,1.19,1533,2.15
MH3,2024-12-05,0,0,1600,0.05,1.38,2112,15.39,19.18,22891,1.42
MHC,2024-12-05,0,1.15,0,0,1,-680,-9.46,7.62,13019,0.49
MIE,2024-12-05,0,0,0,0,-0.26,52,123.41,171.31,10199,0.63
MIG,2024-12-05,44400,17.03,1000,0.05,1.67,1552,12.05,8.51,11872,1.58
MIM,2024-12-05,0,0.39,0,0,0,-2545,-1.65,3.58,1700,2.47
MKP,2024-12-05,0,15.57,500,0.02,0.17,1314,23.20,15.58,49757,0.61
MIC,2024-12-05,0,0.94,0,0,0.63,655,22.31,2.58,5981,2.44
MLC,2024-12-05,0,0.01,1300,0.08,-0.02,0,0,5.42,0,0
MLS,2024-12-05,0,1.89,0,0,0.01,7449,1.85,11.04,21424,0.64
MML,2024-12-05,0,2.10,0,0,0.61,-427,-54.18,15.12,13314,1.74
MKV,2024-12-05,0,3.13,0,0,0.20,1785,5.15,5.97,17390,0.53
MPC,2024-12-05,0,38.92,1161,0.08,0.92,-104,-147.31,4.82,13364,1.14
MNB,2024-12-05,0,0,2000,0.06,-0.23,3214,9.58,9.48,23411,1.32
MPY,2024-12-05,0,0,600,0.09,-0.22,0,0,4.81,0,0
MQB,2024-12-05,0,0,350,0.04,0,0,0,8.53,0,0
MND,2024-12-05,0,0,750,0.08,-0.11,0,0,8.13,0,0
MPT,2024-12-05,0,0.43,0,0,0.11,-149,-4.02,-6.40,10750,0.06
MQN,2024-12-05,0,0,0,0,-0.63,0,0,2.94,0,0
MRF,2024-12-05,0,0.64,650,0.03,-1.36,0,0,23.91,0,0
MSB,2024-12-05,137800,27.56,0,0,1.27,2164,5.20,3.31,13551,0.83
MSN,2024-12-05,1212000,27.65,0,0,1.13,948,76.08,34.79,28630,2.52
MSH,2024-12-05,98700,4.35,6000,0.13,1,4738,10.01,9.62,28596,1.66
MSR,2024-12-05,0,0.13,0,0,1.89,-2055,-5.68,42.79,11286,1.03
MST,2024-12-05,122000,1.02,0,0,1.59,396,15.64,6.39,11099,0.56
MTA,2024-12-05,0,0.03,0,0,1.17,133,33.36,32.60,10830,0.41
MTC,2024-12-05,0,0,0,0,0.55,0,0,38.51,0,0
PHH,2024-12-05,0,0.44,0,0,0.18,-24,-301.63,3692.31,12526,0.57
MTG,2024-12-05,0,0,0,0,-0.20,-15,-604.65,7.85,9593,0.95
MTB,2024-12-05,0,0,100,0.01,0,0,0,91.83,0,0
MTH,2024-12-05,0,13.58,1000,0.06,-0.20,0,0,20.71,0,0
MTL,2024-12-05,0,0.17,0,0,2.41,0,0,39,0,0
MTP,2024-12-05,0,0,1000,0.08,0.39,174,68.85,8.52,12003,1
MTS,2024-12-05,0,0,700,0.08,0.04,745,11.81,7.23,11448,0.77
MTV,2024-12-05,0,0,700,0.04,0.03,746,22.53,9.07,18317,0.92
MVC,2024-12-05,0,0.01,430,0.05,0.51,804,10,12.37,11965,0.67
MVB,2024-12-05,0,0.06,1300,0.07,0.72,2050,9.61,8.60,18742,1.05
MVN,2024-12-05,0,0,39,0,1.72,1653,28.54,20.70,14135,3.34
MWG,2024-12-05,1350400,46.90,500,0.01,1.19,2028,28.65,35.40,18657,3.11
MTX,2024-12-05,0,0,0,0,0,0,0,2.19,0,0
NAB,2024-12-05,0,1.18,0,0,0.45,3260,4.94,5.32,13471,1.20
NAC,2024-12-05,0,0,1200,1.71,-0.20,0,0,0.36,0,0
NAS,2024-12-05,0,0,0,0,-0.26,796,36.95,15.49,23260,1.26
NAG,2024-12-05,1200,1.80,0,0,0.26,852,12.92,9.95,13509,0.81
NAU,2024-12-05,0,0.01,245,0.03,0.01,-196,-45.97,17.15,8095,1.11
NAW,2024-12-05,0,0,0,0,-0.10,27,290.01,31.35,10188,0.78
NAP,2024-12-05,0,0,600,0.07,-0.63,845,9.70,8.82,11103,0.74
NBB,2024-12-05,0,0.50,0,0,0.62,87,274.63,133.97,18150,1.32
NBE,2024-12-05,0,1.21,1100,0.09,-0.05,-867,-14.18,5.59,10096,1.22
NBC,2024-12-05,0,5.30,800,0.09,0.78,-978,-9.30,4.16,11226,0.81
NBP,2024-12-05,0,1.13,500,0.04,-0.46,-902,-13.31,22.91,18788,0.64
NBW,2024-12-05,0,5.37,1550,0.06,0.40,2663,9.99,11.19,16009,1.66
NCG,2024-12-05,0,0.01,0,0,1.47,-926,-8.89,37.44,16582,0.50
NCS,2024-12-05,0,1.93,0,0,0.73,3231,7.76,8.67,9451,2.65
ND2,2024-12-05,0,35.13,2000,0.05,-0.02,3083,12,11.90,16310,2.27
NCT,2024-12-05,0,15.33,5000,0.04,0.34,9310,12.14,13.57,18392,6.14
NDC,2024-12-05,0,0.13,2500,0.02,0.22,0,0,7.67,0,0
NDF,2024-12-05,0,1.87,0,0,0,1124,0.80,4.02,11090,0.08
NDN,2024-12-05,0,1.56,0,0,1.67,919,9.36,10.10,15272,0.56
NAV,2024-12-05,0,0.95,2700,0.14,0.13,2637,7.15,8.87,13289,1.42
NBT,2024-12-05,0,0.51,1200,0.06,-0.41,2061,9.61,13.54,15306,1.29
NDP,2024-12-05,0,0,500,0.02,0.11,2367,10.14,12.11,26685,0.90
NAF,2024-12-05,7700,24.52,0,0,0.49,1635,12.17,10.07,17352,1.15
NED,2024-12-05,0,0,0,0,1.37,474,15.28,30.67,11747,0.62
NDW,2024-12-05,0,0,860,0.12,-1.25,820,8.42,6.50,11321,0.61
NDX,2024-12-05,0,0.40,375,0.08,0.28,-97,-51.32,10.78,12778,0.39
NDT,2024-12-05,0,0,0,0,0.73,-6387,-0.79,36.92,6251,0.81
NEM,2024-12-05,0,0,0,0,-0.34,0,0,1225.43,10149,1.84
NFC,2024-12-05,0,0.03,1600,0.09,0.10,2483,7.05,8.10,13372,1.31
NGC,2024-12-05,0,13.42,0,0,-0.16,-2131,-0.84,0.11,-2245,-0.80
NHA,2024-12-05,89400,1.96,0,0,2.15,1372,20.56,24.91,11455,2.46
NET,2024-12-05,0,0.72,5000,0.06,0.81,8342,9.34,12.46,20419,3.82
NHC,2024-12-05,0,15.69,0,0,0.23,125,202.87,37.57,18102,1.40
NHH,2024-12-05,700,0.51,500,0.04,0.82,1608,8.33,7.08,19254,0.70
NHP,2024-12-05,0,0.20,0,0,0,-954,-0.31,8.27,6068,0.05
NJC,2024-12-05,0,0.25,1000,0.06,0.34,0,0,5.10,0,0
NHV,2024-12-05,0,0.46,0,0,1.62,304,2.63,0.64,10895,0.07
NHT,2024-12-05,0,3.08,1000,0.09,1.43,792,13.57,6.08,16017,0.67
NKG,2024-12-05,324200,7.33,0,0,1.70,1736,10.77,11.72,22231,0.84
NLG,2024-12-05,32400,47.63,499,0.01,1.42,794,46.49,17.29,34421,1.07
NLS,2024-12-05,0,0,800,0.17,0,0,0,2.40,0,0
NOS,2024-12-05,0,0,0,0,-0.10,-18542,-0.04,-0.12,-258711,0
NNT,2024-12-05,0,0.30,4700,0.09,0.96,0,0,9.59,0,0
NNC,2024-12-05,0,5.08,500,0.02,0.44,2424,9.01,13.68,18339,1.19
NO1,2024-12-05,110800,5.89,500,0.05,0.03,1252,8.63,14.40,13665,0.79
NQB,2024-12-05,0,0,350,0.04,-0.07,903,8.86,7.92,11189,0.71
NQN,2024-12-05,0,0,284,0.02,1.33,1115,12.38,13.16,12686,1.09
NRC,2024-12-05,105300,5.52,0,0,1.11,337,12.47,9.72,13791,0.30
NS2,2024-12-05,0,0,132,0.01,0.49,692,26.01,56.98,10517,1.71
NSC,2024-12-05,2200,8.23,4000,0.05,0.40,13203,5.91,5.06,82354,0.95
NSG,2024-12-05,0,0,0,0,0.11,0,0,33.55,0,0
NSH,2024-12-05,9000,1.01,0,0,0.74,97,46.46,11.09,11491,0.39
NSL,2024-12-05,0,0.64,450,0.03,-0.76,569,30.59,8.51,14619,1.19
NQT,2024-12-05,0,0,458,0.05,0,1240,6.86,8.31,12264,0.69
NT2,2024-12-05,56000,13.42,700,0.04,0.88,863,22.77,83.19,14293,1.37
NST,2024-12-05,0,3.27,650,0.06,0.09,1545,6.86,7.66,16564,0.64
NTB,2024-12-05,0,0.30,0,0,0,-14156,-0.03,1.06,-46653,-0.01
NSS,2024-12-05,0,0,399,0.11,-0.26,0,0,8.04,0,0
NTL,2024-12-05,552300,15.01,6200,0.34,1.91,10342,1.74,6.86,15902,1.13
NTH,2024-12-05,0,0.10,4500,0.08,-0.12,4720,11.36,15.44,15992,3.35
NTC,2024-12-05,0,0,6000,0.03,1.02,10945,18.64,17.60,48216,4.23
NTF,2024-12-05,0,0,1000,0.06,-1.02,0,0,10.08,0,0
NTP,2024-12-05,200,16.79,1000,0.02,1.75,5277,11.92,16.15,26624,2.36
NVL,2024-12-05,292000,4.94,0,0,1.52,2636,3.98,18.98,20831,0.50
NVB,2024-12-05,0,1.47,0,0,1.11,-890,-9.77,69.62,9043,0.96
NUE,2024-12-05,0,0,780,0.08,0.69,0,0,9.85,10673,0.90
NTW,2024-12-05,0,0.06,1000,0.05,-0.30,0,0,18.82,0,0
NTT,2024-12-05,0,0,0,0,0.86,1462,5.27,20.11,8013,0.96
NVP,2024-12-05,0,0,220,0.02,0.05,0,0,17.62,0,0
NVT,2024-12-05,0,0.12,0,0,0.86,-45,-172.55,32.18,6072,1.26
NXT,2024-12-05,0,0.09,0,0,0.08,0,0,5.13,0,0
OCB,2024-12-05,142500,19.49,0,0,0.95,1477,7.21,3.18,12367,0.86
NWT,2024-12-05,0,0,500,0.07,-0.03,0,0,11.20,0,0
OCH,2024-12-05,0,0.01,0,0,0.79,528,10.61,26.26,9367,0.60
ODE,2024-12-05,0,0,0,0,0.22,583,74.30,52.16,11452,3.78
OGC,2024-12-05,0,0.24,0,0,0.70,112,34.05,22.98,5398,0.71
OIL,2024-12-05,27000,6.35,200,0.02,2.43,279,43.19,21.04,11114,1.08
ONE,2024-12-05,0,6.05,0,0,1.02,-478,-10.46,11.37,11937,0.42
ORS,2024-12-05,637400,0.83,0,0,1.48,1413,9.56,12.67,11457,1.18
ONW,2024-12-05,0,14.69,0,0,-0.24,0,0,0.66,0,0
PAC,2024-12-05,0,12.11,1500,0.04,0.98,2782,12.90,10.43,20655,1.74
OPC,2024-12-05,0,0.73,1500,0.06,0.13,1668,13.85,7.95,13235,1.75
PAI,2024-12-05,0,0.12,900,0.07,0.03,650,18.94,13.02,10195,1.21
PAN,2024-12-05,7300,18.01,500,0.02,1.23,2691,8.34,5.51,41622,0.54
PAP,2024-12-05,0,0,0,0,2.36,23,1060.21,-2469.51,10688,2.27
PAS,2024-12-05,0,1.01,0,0,1.46,218,14.84,11.35,13270,0.24
PBC,2024-12-05,0,0,0,0,1.84,340,20.91,21.21,11308,0.63
PAT,2024-12-05,0,0.46,17000,0.20,0.83,9443,8.82,9.06,26509,3.14
PBP,2024-12-05,0,0.50,900,0.07,0.82,1966,6.41,9.33,14817,0.85
PC1,2024-12-05,328200,13.21,0,0,1.48,1228,18.61,13.54,24524,0.93
PBT,2024-12-05,0,0,776,0.10,0.60,969,7.95,10.46,10853,0.71
PCE,2024-12-05,0,0.36,1400,0.08,0.21,2520,6.94,7.11,19154,0.91
PCG,2024-12-05,0,48.71,0,0,-0.27,-270,-21.08,63.78,8401,0.68
PCC,2024-12-05,0,0,1500,0.06,-1.32,0,0,11.89,0,0
PCH,2024-12-05,0,0,0,0,0.04,735,17.14,20.06,10603,1.19
PCF,2024-12-05,0,0.58,0,0,1,-10,-486.58,70.14,7074,0.66
PCT,2024-12-05,0,0,0,0,0.48,1572,8.33,15.66,12690,1.03
PCM,2024-12-05,0,0,0,0,0.08,42,296.24,21.61,16053,0.77
PCN,2024-12-05,0,0.10,0,0,-0.01,-1643,-8.22,52.98,4317,3.13
PDB,2024-12-05,0,0.25,500,0.05,0.26,1430,7.06,7.89,15230,0.66
PDC,2024-12-05,0,0.09,0,0,1.21,515,9.27,10.70,9602,0.50
PDN,2024-12-05,0,0.25,2300,0.02,0.01,9178,11.79,13.54,31122,3.48
PDR,2024-12-05,1732400,7.45,0,0,2.14,568,35.93,20.24,12664,1.61
PDV,2024-12-05,0,0.01,1000,0.06,2.14,5697,2.93,17.24,15099,1.11
PEG,2024-12-05,0,0,0,0,-1.21,-288,-18.75,89.71,2835,1.91
PEC,2024-12-05,0,0,0,0,0.05,0,0,0.70,0,0
PET,2024-12-05,0,0.87,0,0,1.88,1252,19.89,13.04,21608,1.15
PEQ,2024-12-05,0,0,2000,0.05,0.22,0,0,9.86,0,0
PEN,2024-12-05,0,0,0,0,0.07,-13,-532.72,17.50,11500,0.61
PFL,2024-12-05,0,0,0,0,1.50,-35,-56.82,277.78,4446,0.45
PGC,2024-12-05,0,2.18,1200,0.08,0.33,1845,8.10,6.54,14320,1.04
PGB,2024-12-05,0,0.04,0,0,1.05,734,21.59,12.02,12147,1.30
PGD,2024-12-05,0,46.88,1500,0.05,0.37,3229,9.85,14.16,16438,1.93
PGN,2024-12-05,0,6.27,0,0,0.71,514,18.69,14.35,11603,0.83
PGI,2024-12-05,0,20.43,1200,0.05,0.67,2089,10.87,8.72,16861,1.35
PGT,2024-12-05,0,40.10,0,0,0.01,453,14.78,1.27,4470,1.50
PHC,2024-12-05,3000,0.10,500,0.09,0.72,146,37.28,6.14,13500,0.40
PGV,2024-12-05,0,0.02,926,0.05,0.49,-333,-57.29,11.18,13437,1.42
PGS,2024-12-05,0,0.79,2000,0.06,-0.15,2334,14.31,12.58,20128,1.66
PHP,2024-12-05,19400,0.05,400,0.01,1.59,2320,15.78,14.25,18856,1.94
PHN,2024-12-05,0,49.15,5000,0.06,0.12,8489,9.42,8.35,21838,3.66
PHR,2024-12-05,23600,18.08,3000,0.05,1.28,2858,19.94,31.50,30230,1.89
PHS,2024-12-05,0,62.46,300,0.03,-0.51,172,66.16,16.96,10455,1.09
PIC,2024-12-05,0,0,1000,0.05,0.14,793,23.59,22.23,10470,1.79
PIT,2024-12-05,0,0.62,0,0,0.04,-478,-11.02,24.98,7884,0.67
PIS,2024-12-05,0,0,0,0,0.07,1449,6.70,2.59,14386,0.67
PIA,2024-12-05,0,0,2000,0.08,0.84,3642,7.30,5.65,16611,1.60
PID,2024-12-05,0,0,0,0,0,-715,-3.91,38.89,-2657,-1.05
PIV,2024-12-05,0,0.31,0,0,2.69,-73,-38.35,242.63,119,23.53
PJC,2024-12-05,200,0.46,3000,0.10,-0.43,4510,6.39,9.40,19781,1.46
PJS,2024-12-05,0,7.09,800,0.03,0.19,166,138.96,10.47,12293,1.87
PLC,2024-12-05,900,0.33,1200,0.06,1.12,605,35.21,12.29,15268,1.40
PJT,2024-12-05,0,0.68,0,0,0.20,770,12.98,15.55,13226,0.76
PLA,2024-12-05,0,0,0,0,0.79,-182,-23.10,617.65,9612,0.44
PLE,2024-12-05,0,0,0,0,0.06,100,133.68,9.05,16618,0.81
PLX,2024-12-05,34200,17.60,1500,0.04,1.01,2345,17.19,17.98,22568,1.79
PLO,2024-12-05,0,0,0,0,1.86,0,0,5.15,0,0
PLP,2024-12-05,400,0.38,0,0,0.66,25,177.30,39.37,11331,0.40
PMB,2024-12-05,0,1.33,800,0.08,0.40,755,12.71,12.86,11894,0.81
PMC,2024-12-05,0,3.66,11100,0.09,-0.05,9116,14.12,16.50,34929,3.68
PMJ,2024-12-05,0,0,970,0.05,0.64,392,45.88,14.18,24045,0.75
PMT,2024-12-05,0,0,89,0.01,-0.29,85,82.20,12.73,16080,0.44
PMP,2024-12-05,0,1.02,1000,0.08,-0.32,1563,8.51,8.73,16394,0.81
PMG,2024-12-05,0,20.17,0,0,1.13,383,21.38,31.66,14302,0.57
PMS,2024-12-05,0,0,3350,0.11,0.96,3872,8.16,9.32,22165,1.43
PMW,2024-12-05,0,0,1000,0.03,1.67,2237,16.76,18.53,12295,3.05
PNC,2024-12-05,0,0.53,500,0.03,0.61,291,56.45,10.65,17512,0.94
PND,2024-12-05,0,0.01,0,0,1.48,542,14.29,8.61,11750,0.66
PNG,2024-12-05,0,0,0,0,0,890,19.78,6.03,19028,0.92
PNJ,2024-12-05,14900,48.98,2000,0.02,0.80,6055,15.56,15.24,31146,3.02
PNP,2024-12-05,0,0,1600,0.07,0.05,2718,8.43,8.91,14015,1.63
PNT,2024-12-05,0,0.08,300,0.05,-0.28,0,0,5.98,0,0
POB,2024-12-05,0,0,156,0,0,0,0,123.05,0,0
POM,2024-12-05,0,3.80,0,0,1.47,-3957,-0.61,2.24,1826,1.31
POS,2024-12-05,0,0.31,1000,0.05,1.33,1986,9.90,13.11,20497,0.96
POV,2024-12-05,0,0.01,300,0.04,0.53,722,11.49,8.65,14338,0.58
POT,2024-12-05,0,0.07,100,0.01,0.64,128,130.88,25.61,15906,1.05
POW,2024-12-05,778900,3.85,0,0,1.56,601,20.47,34.96,14792,0.83
PPE,2024-12-05,0,0.26,0,0,-0.66,444,35.62,31.60,6013,2.63
PPC,2024-12-05,20300,9.82,2775,0.25,1,1235,9.11,8.59,14371,0.78
PPP,2024-12-05,0,6.38,2400,0.13,-0.47,1990,8.94,11.19,14827,1.20
PPI,2024-12-05,0,0.50,0,0,0,-64,-6.28,106.38,-2986,-0.13
PPH,2024-12-05,0,0,2100,0.07,0.71,4219,6.87,6.68,24587,1.18
PPS,2024-12-05,0,29.06,940,0.09,0.35,1192,8.98,9.67,12232,0.87
PPT,2024-12-05,0,0,0,0,0.37,581,22.53,23.83,10733,1.22
PQN,2024-12-05,0,0,0,0,0,1043,3.83,5,5673,0.71
PRE,2024-12-05,1700,0.84,1600,0.09,0.07,1912,9.78,8.13,15888,1.18
PRC,2024-12-05,0,1.35,1000,0.05,0.44,1191,16.45,39.20,29441,0.67
PPY,2024-12-05,0,0,700,0.08,0.23,800,11.13,6.93,16374,0.54
PRO,2024-12-05,0,0,0,0,0.77,-234,-17.09,6,13029,0.31
PSD,2024-12-05,0,0,800,0.06,0.62,1775,7.10,8.16,11804,1.07
PRT,2024-12-05,0,0,300,0.03,1.08,482,19.77,21.82,12882,0.74
PSB,2024-12-05,0,0,0,0,1.25,10,545.02,157.24,11230,0.49
PSC,2024-12-05,0,0.31,700,0.06,-0.09,1162,9.47,8.34,16665,0.66
PSE,2024-12-05,0,0.04,800,0.08,0.50,550,17.83,6.72,13202,0.74
PSL,2024-12-05,0,0,350,0.03,-0.92,0,0,30.87,0,0
PSI,2024-12-05,0,0.42,0,0,1.28,371,17.79,18.81,11761,0.56
PSG,2024-12-05,0,0.06,0,0,0,-6136,-0.08,0.71,-6829,-0.07
PSH,2024-12-05,0,0,0,0,0.92,-6026,-0.58,1.34,8204,0.42
PSP,2024-12-05,0,0.03,200,0.02,-0.67,263,48.72,56.14,11603,1.10
PSN,2024-12-05,0,0,700,0.07,0.11,841,12.37,10.88,13238,0.79
PSW,2024-12-05,0,1.64,500,0.06,0.77,118,71.47,11.90,11619,0.72
PTB,2024-12-05,25600,23.96,2500,0.04,1.44,4948,12.79,9.17,44146,1.43
PTD,2024-12-05,0,18.65,0,0,-1.68,-4398,-1.93,10.62,8113,1.05
PTC,2024-12-05,0,1.15,0,0,1.02,571,8.13,7.83,11651,0.40
PTG,2024-12-05,0,0,5000,7.14,0.41,0,0,0.08,31496,0.02
PTH,2024-12-05,0,0,700,0.04,0.10,2082,7.68,14.75,18441,0.87
PTE,2024-12-05,0,0,0,0,0.24,-3849,-0.62,-0.84,-25112,-0.10
PTI,2024-12-05,200,37.48,0,0,0.47,4738,6.71,14.61,28823,1.10
PTO,2024-12-05,0,0,0,0,0.41,-411,-43.60,21.48,10861,1.65
PTL,2024-12-05,0,0.07,0,0,1.45,-354,-8.01,6.71,5070,0.56
PTP,2024-12-05,0,0.04,650,0.06,0.59,0,0,11.71,0,0
PTT,2024-12-05,0,0,0,0,0.29,1302,8.29,10.12,12883,0.84
PTV,2024-12-05,0,0.04,0,0,0.21,-209,-19.15,10,11234,0.36
PTS,2024-12-05,0,7.82,200,0.03,0.71,559,13.42,27.64,17172,0.44
PVA,2024-12-05,0,0.17,0,0,0,0,-1351.35,7.28,-1584,-0.32
PTX,2024-12-05,0,0,1500,0.09,-0.30,686,24.05,10.23,14730,1.12
PV2,2024-12-05,0,0.19,0,0,1.58,-10,-242.91,-8.70,6713,0.36
PVC,2024-12-05,0,0,60,0.01,1.45,7,1400.83,16.74,12671,0.80
PVD,2024-12-05,571900,10.79,0,0,1.18,1206,19.19,33.89,27834,0.83
PVB,2024-12-05,0,1.04,0,0,1.65,1391,19.42,255.78,17944,1.50
PVE,2024-12-05,0,10.80,0,0,0.39,247,7.71,2.09,2662,0.71
PVI,2024-12-05,0,57.76,3200,0.06,0.69,3916,12.84,10.91,34670,1.45
PVL,2024-12-05,0,0.26,0,0,1.27,-109,-35.72,390,3216,1.21
PVG,2024-12-05,0,7,0,0,0.80,88,75.38,21.55,12433,0.53
PVM,2024-12-05,0,0.02,500,0.03,1.69,678,23,10.40,18243,0.86
PVP,2024-12-05,4000,3.62,800,0.05,1.56,2146,7.64,9.66,17544,0.93
PVH,2024-12-05,0,0,0,0,2.83,-745,-0.81,41.99,2848,0.21
PVO,2024-12-05,0,0,100,0.02,1.30,103,58.54,41.16,11637,0.52
PVR,2024-12-05,0,0.11,0,0,0.48,-181,-4.97,-14.86,8843,0.10
PVS,2024-12-05,524500,20.82,700,0.02,1.12,1918,17.52,24.33,29169,1.15
PVT,2024-12-05,157500,12.61,300,0.01,1.35,3300,8.17,12.62,28438,0.95
PVY,2024-12-05,0,0.07,0,0,0.44,12,202.59,12.39,-7132,-0.35
PWA,2024-12-05,0,0.06,0,0,1.08,0,0,4.31,0,0
PVV,2024-12-05,0,0.10,0,0,1.23,-1010,-1.49,89.98,-3920,-0.38
PVX,2024-12-05,0,0,0,0,0.66,-303,-4.95,162.16,1104,1.36
PWS,2024-12-05,0,0.04,750,0.07,1.14,905,12.70,16.18,11349,1.01
PXC,2024-12-05,0,0,0,0,0,-21,-23.72,12.53,-6503,-0.08
PX1,2024-12-05,0,0,0,0,0,0,0,645.16,0,0
PXL,2024-12-05,0,0.06,0,0,1.63,8,1613.61,592.35,9995,1.34
PXI,2024-12-05,0,0.21,0,0,1.32,-243,-7.56,177.93,4433,0.41
PXM,2024-12-05,0,0.17,0,0,1.51,-1212,-0.41,0.07,-32045,-0.02
PXA,2024-12-05,0,0.11,0,0,0.27,51,23.36,3.62,2061,0.58
PXS,2024-12-05,0,10.55,0,0,0.08,-101,-24.66,14.76,2082,1.20
QCG,2024-12-05,95200,0.68,0,0,1.40,96,124.35,32.74,16412,0.73
PXT,2024-12-05,0,2.28,0,0,1.54,34,79.40,44.97,2768,0.97
QBS,2024-12-05,0,0,0,0,0.79,-1666,-0.42,60.66,5313,0.13
QCC,2024-12-05,0,0.77,1000,0.12,1.63,0,0,8.39,14380,0.60
QHD,2024-12-05,0,0.30,4000,0.12,0,3113,10.99,12.60,22260,1.54
QHW,2024-12-05,0,0.22,1200,0.04,0.05,0,0,6.49,0,0
QNS,2024-12-05,0,13.46,4000,0.08,0.78,6727,7.55,13.93,25512,1.99
QNP,2024-12-05,0,0,1200,0.03,0.21,3068,11.69,12.60,21102,1.70
QNT,2024-12-05,0,0,0,0,1.21,0,0,14.98,0,0
QNC,2024-12-05,0,15.44,0,0,0.48,187,34.18,11.39,11353,0.56
QNU,2024-12-05,0,0,386,0.04,0,0,0,22.48,0,0
QNW,2024-12-05,0,0,400,0.02,-0.16,1641,10.91,26.46,12657,1.41
QPH,2024-12-05,0,0.03,2000,0.07,-0.01,4039,6.93,8.84,24599,1.14
QTP,2024-12-05,0,0.88,1500,0.11,0.78,1497,9.38,12.65,11890,1.18
QST,2024-12-05,0,0,2000,0.10,-0.01,2643,7.76,6.64,12841,1.60
QTC,2024-12-05,0,0,650,0.04,0.78,438,34.68,27,14987,1.01
RAL,2024-12-05,3500,2.16,5000,0.04,0.27,25611,4.73,8.27,132457,0.91
RAT,2024-12-05,0,0.49,0,0,-0.09,0,0,14.65,0,0
RCC,2024-12-05,0,0.05,0,0,0.26,844,19.54,21.39,12782,1.29
RCD,2024-12-05,0,0.13,0,0,2.52,0,0,31.99,0,0
RBC,2024-12-05,0,0,0,0,-1.69,0,0,18.83,0,0
RDP,2024-12-05,0,0.36,0,0,0.65,-938,-1.40,2.83,5692,0.23
RCL,2024-12-05,0,0,0,0,0.25,73,157.91,17.86,20684,0.56
REE,2024-12-05,0,49,1000,0.01,1.16,4235,15.87,13.14,46258,1.45
RTB,2024-12-05,0,0,2200,0.08,-0.33,3298,8.05,12.13,27643,0.96
RIC,2024-12-05,0,12.08,0,0,-0.95,-551,-6.17,190.16,7773,0.44
S12,2024-12-05,0,11.92,0,0,-0.37,-363,-4.96,90,-23355,-0.08
S27,2024-12-05,0,0.95,0,0,0,-800,-0.87,-0.21,-13489,-0.05
S55,2024-12-05,0,0.41,1500,0.02,-0.14,10784,5.94,5.51,90525,0.71
S4A,2024-12-05,0,0.10,4700,0.13,-0.43,2788,13.27,14.35,13683,2.70
S72,2024-12-05,0,0.03,0,0,0.12,528,13.25,13.01,10111,0.69
S96,2024-12-05,0,1.43,0,0,0,49,8.14,0.89,7474,0.05
S99,2024-12-05,0,0,0,0,1.19,599,12.03,5.21,17180,0.42
QSP,2024-12-05,0,1.07,2000,0.08,0.28,0,0,8.49,0,0
SAB,2024-12-05,36600,60.71,5500,0.10,0.77,3361,17.08,16.07,20445,2.81
S74,2024-12-05,0,1,0,0,0.83,-55,-274.10,195.70,17932,0.84
SAC,2024-12-05,0,0.04,7065,0.57,1.99,536,23.23,10.46,16496,0.76
SAM,2024-12-05,5800,0.54,0,0,0.48,183,34.54,29.82,12298,0.51
SAP,2024-12-05,0,0,0,0,1.74,136,239.18,16.73,5396,6.02
SAF,2024-12-05,0,3.40,3000,0.05,0.20,4127,14.78,14.82,13927,4.38
SAL,2024-12-05,0,0,420,0.28,0,0,0,2.49,0,0
SAS,2024-12-05,0,0.33,1626,0.04,1.02,2600,14.01,14.17,11700,3.11
SBB,2024-12-05,0,0.01,1000,0.05,-0.03,-391,-47.28,-69.30,18046,1.02
SB1,2024-12-05,0,0.68,500,0.08,-0.28,881,7.49,58.73,15798,0.42
SAV,2024-12-05,100,50,500,0.02,0.67,1291,15.96,14.83,15083,1.37
SBA,2024-12-05,0,0.27,2200,0.07,-0.19,2287,13.05,16.38,15440,1.93
SBD,2024-12-05,0,0.89,0,0,1.01,1021,7.15,12.98,11216,0.65
SBH,2024-12-05,0,0,5325,0.11,0.08,2625,18.81,18.56,12498,3.95
SBG,2024-12-05,9300,0.48,0,0,0.50,1160,8.84,6.41,17889,0.57
SBM,2024-12-05,0,0,3000,0.10,0.60,3138,10.04,15.58,14039,2.24
SBL,2024-12-05,0,0,500,0.07,1.19,145,48.44,693.07,15200,0.46
SBR,2024-12-05,0,0,219,0.03,-0.29,1093,7.96,17.70,10000,0.87
SBS,2024-12-05,0,0.47,0,0,2.28,-381,-11.53,80.37,1997,2.20
SBT,2024-12-05,39200,22.12,0,0,0.98,977,12.64,10.46,14787,0.84
SBV,2024-12-05,0,14.71,250,0.02,0.10,-79,-127.14,4.25,17053,0.59
SC5,2024-12-05,0,2.28,300,0.01,0.23,2475,8.93,18.16,24720,0.89
SCC,2024-12-05,0,0,0,0,1.46,-553,-3.26,7.33,15287,0.12
SCI,2024-12-05,0,0,0,0,1.40,304,25.66,5.49,19772,0.39
SCD,2024-12-05,0,6.29,0,0,0.48,-10658,-1.29,33.56,-6632,-2.07
SCG,2024-12-05,0,0,0,0,0.13,1967,33.45,55.93,15179,4.33
SCS,2024-12-05,2300,23.14,5000,0.06,0.91,6377,12.48,11.95,16223,4.91
SCJ,2024-12-05,0,0,0,0,1.54,177,19.44,17.80,11909,0.29
SCL,2024-12-05,0,0,0,0,1.51,1958,13.75,7.80,14263,1.89
SCO,2024-12-05,0,0,0,0,-0.07,0,0,12.39,-22272,-0.26
SCR,2024-12-05,166200,0.76,0,0,1.37,29,182.76,130.56,12930,0.41
SCY,2024-12-05,0,0.01,380,0.03,0.32,1057,10.96,23.92,14614,0.79
SD1,2024-12-05,0,0,0,0,0,-5070,-0.16,0,-1219,-0.66
SD2,2024-12-05,0,5.98,0,0,-0.98,649,7.12,29.86,12557,0.37
SD3,2024-12-05,0,0.17,0,0,2.28,-925,-4.80,2.39,1292,3.44
SD5,2024-12-05,0,2.53,600,0.08,0.23,865,8.90,8.94,18303,0.42
SD7,2024-12-05,0,0.47,0,0,0.09,40,73.10,-20.43,11317,0.26
SD8,2024-12-05,0,10.98,0,0,0,-591,-2.54,0.28,-10570,-0.14
SD6,2024-12-05,0,0.34,0,0,-0.85,-1940,-1.59,26.76,5124,0.60
SDB,2024-12-05,0,0.23,0,0,0,-1611,-0.31,0.81,1427,0.35
SDA,2024-12-05,0,0,0,0,1.11,487,10.26,18.20,6878,0.73
SD9,2024-12-05,300,2.60,0,0,0.58,734,16.21,19.14,24778,0.48
SD4,2024-12-05,0,0.43,0,0,1.87,-12180,-0.23,28.63,278,10
SDC,2024-12-05,0,3.47,500,0.07,0.57,850,8.70,9.60,20139,0.37
SDD,2024-12-05,20000,0.66,0,0,0.80,-1015,-1.48,-2.75,5872,0.26
SDG,2024-12-05,0,0.02,2000,0.13,0,327,46.12,4.38,33567,0.45
SDK,2024-12-05,0,1.02,0,0,0.77,2172,8.29,7.20,20185,0.89
SDP,2024-12-05,0,0.14,0,0,-0.52,-550,-1.64,-0.57,-4973,-0.18
SDN,2024-12-05,300,22.40,1500,0.05,-0.08,6145,4.91,11.84,21593,1.40
SDU,2024-12-05,0,0.11,0,0,-0.43,64,275.30,234.67,17661,1
SDJ,2022-12-09,0,0.33,0,0,0,288,10.76,7.52,2793,1.11
SDV,2024-12-05,0,0,2000,0.06,0.02,2103,14.65,15.06,26616,1.16
SDX,2024-12-05,0,0,0,0,0,0,0,6.67,0,0
SEA,2024-12-05,0,0,500,0.01,0.95,1531,26.11,71.12,19130,2.09
SDT,2024-12-05,0,1.34,0,0,0.23,287,13.18,9.97,18136,0.21
SDY,2024-12-05,0,0.43,0,0,0.23,590,2.71,-130.93,-2681,-0.60
SEB,2024-12-05,0,0,3100,0.07,0.41,3825,12.42,12.87,20213,2.35
SED,2024-12-05,0,0,1500,0.07,0.34,4933,4.34,4.39,34843,0.61
SFI,2024-12-05,0,10.31,2000,0.06,0.31,3031,10.23,18.33,31863,0.97
SEP,2024-12-05,0,0,1720,0.11,-0.06,338,46.46,7.76,11289,1.39
SFN,2024-12-05,0,0.86,900,0.04,-0.15,2908,7.32,6.51,26506,0.80
SFC,2024-12-05,0,0.66,3500,0.16,0.58,1813,11.86,8.25,16022,1.34
SFG,2024-12-05,0,0.20,500,0.05,1,666,15.31,15.27,13435,0.76
SGB,2024-12-05,0,11.40,0,0,0.34,768,16.15,11.42,12349,1
SGH,2024-12-05,0,0.35,4760,0.13,-0.17,1104,32.60,38.25,11120,3.24
SGD,2024-12-05,0,0,0,0,0.14,264,47.38,10.34,14874,0.84
SGC,2024-12-05,0,1.07,1000,0.01,0.05,14461,8.30,10.72,46006,2.61
SGI,2024-12-05,0,0,0,0,0.19,353,37.31,10.71,37517,0.35
SGP,2024-12-05,0,0.68,0,0,2.53,917,27.16,22634.55,12870,1.93
SGN,2024-12-05,800,27.19,2500,0.03,0.68,6508,12.48,11.36,33103,2.45
SGS,2024-12-05,0,0.36,0,0,-0.01,2179,7.94,5.56,21394,0.81
SGT,2024-12-05,0,5.56,0,0,0.52,396,37.36,4.87,13457,1.10
SGR,2024-12-05,0,0.09,1000,0.03,1.02,1652,23.24,12.13,15560,2.47
SHB,2024-12-05,337200,2.86,500,0.05,0.99,2141,4.76,3.31,15223,0.67
SHA,2024-12-05,0,0.89,0,0,0.42,429,9.62,5.53,12696,0.33
SHC,2024-12-05,0,0,0,0,-1.68,230,52.71,11.14,17591,0.69
SHE,2024-12-05,0,1.04,0,0,0.15,1577,5.58,6.75,12794,0.69
SHG,2024-12-05,0,0,0,0,-0.11,-972,-2.37,-1.14,-26110,-0.09
SHI,2024-12-05,14500,0.16,0,0,0.07,351,41.78,38.32,12800,1.14
SHS,2024-12-05,393900,3.63,0,0,2.24,1178,10.95,10.13,13555,0.95
SHN,2024-12-05,0,0.01,0,0,0.49,47,143.34,17.28,12307,0.55
SID,2024-12-05,56,0.10,0,0,0.98,766,15.80,41.58,23973,0.50
SII,2024-12-05,0,48.90,0,0,-2.31,-334,-39.56,475.85,14306,0.92
SHP,2024-12-05,0,5.24,3000,0.09,0.10,2433,14.20,12.51,11944,2.89
SIG,2024-12-05,0,0,0,0,-1.21,0,0,10.57,0,0
SIP,2024-12-05,38500,3.26,1600,0.02,1.57,6348,13.23,22.30,22375,3.75
SIV,2024-12-05,0,7.71,3400,0.09,1.10,0,0,4.82,0,0
TCW,2024-12-05,0,5,2200,0.07,0.49,4212,7.09,6.09,18524,1.61
SJE,2024-12-05,0,0,0,0,-0.01,5529,3.38,2.75,35306,0.53
SJD,2024-12-05,0,5.77,1800,0.13,0.41,2012,6.98,7.71,14673,0.96
SJ1,2024-12-05,0,0,500,0.05,-0.62,1211,8.67,6.49,8338,1.26
SJC,2024-12-05,0,0.28,0,0,0,-764,-5.37,1.73,13575,0.30
SJF,2024-12-05,0,0.33,0,0,0,-366,-4.65,13.46,6288,0.27
SJG,2024-12-05,0,0,2000,0.11,0.19,1152,16.50,16.27,20782,0.91
SJM,2024-12-05,0,0.62,0,0,-2.43,942,6.48,17.94,2551,2.39
SKG,2024-12-05,0,45.14,500,0.05,0.65,589,18.09,9.69,13458,0.79
SKH,2024-12-05,0,0.05,2112,0.08,-0.15,2078,12.75,12.49,12080,2.19
SKV,2024-12-05,0,0.11,3010,0.09,0.53,3113,10.42,12.43,15854,2.05
SKN,2024-12-05,0,0,346,0.05,0.54,0,0,15.22,0,0
SJS,2024-12-05,200,0.61,0,0,0.80,1963,31.07,20.02,25187,2.42
SMA,2024-12-05,0,0.05,350,0.03,-0.07,717,14.15,16.37,11742,0.86
SMB,2024-12-05,0,13.54,3500,0.09,0.20,5949,6.44,14.53,20267,1.89
SLS,2024-12-05,0,0.63,20000,0.11,0.25,50118,3.60,11.78,146866,1.23
SMN,2024-12-05,0,0,1100,0.08,0.22,2313,6.18,6.49,18447,0.78
SMC,2024-12-05,4200,20.48,0,0,1.94,-4509,-1.48,6.15,10931,0.61
SNC,2024-12-05,0,0,2000,0.09,0.13,2909,7.56,9.17,17924,1.23
SNZ,2024-12-05,0,0,1200,0.03,1.08,2624,13.26,9.56,28145,1.24
SMT,2024-12-05,0,0,0,0,0.65,17,327.40,10.39,12084,0.47
SPB,2024-12-05,0,0,0,0,0.20,691,25.61,23.54,17445,1.01
SP2,2024-12-05,0,0,0,0,1.11,2525,7.38,12.51,5566,3.35
SPC,2024-12-05,0,0,0,0,0.11,-753,-11.96,4.32,13738,0.66
SPI,2024-12-05,0,1.23,0,0,0.43,-419,-4.77,67.25,6791,0.29
SPH,2024-12-05,0,0,0,0,-0.11,0,0,-9.77,0,0
SPD,2024-12-05,0,0,0,0,0,309,25.93,10.91,10614,0.75
SPV,2024-12-05,0,0,500,0.03,1.15,0,0,9.08,0,0
SPM,2024-12-05,0,2.15,500,0.04,0.71,499,22.64,14.38,58254,0.19
SRA,2024-12-05,0,0,0,0,1.28,726,2.75,6.17,14259,0.14
SQC,2024-12-05,0,6.91,0,0,-0.15,-181,-95.39,32037.04,5960,2.90
SRC,2024-12-05,0,0.10,600,0.02,-0.37,4848,5.24,7.13,19468,1.30
SRB,2024-12-05,0,0.90,0,0,1,-284,-6.38,153.91,7805,0.23
SRF,2024-12-05,0,45.92,0,0,0.41,-15,-553.08,13.22,12908,0.63
SSC,2024-12-05,0,0.84,3000,0.08,0.20,4409,8.22,9.53,28264,1.28
SSB,2024-12-05,291800,0.14,0,0,0.53,1893,8.96,10.20,11915,1.42
SSF,2024-12-05,0,0,0,0,0,0,0,428.75,0,0
SSG,2024-12-05,0,0,1000,0.09,1.73,110,102.41,10.78,11219,1.01
SSI,2024-12-05,4242300,36.39,1000,0.04,1.64,1944,12.37,12.83,15979,1.51
SSM,2024-12-05,0,0.67,0,0,-0.02,1385,3.32,3.80,13020,0.35
SSH,2024-12-05,0,0,0,0,0.33,1022,65.25,23.80,16539,4.03
SSN,2024-12-05,0,0.05,0,0,-0.35,-4,-270.88,23.76,11411,0.11
STB,2024-12-05,1720900,23.39,0,0,1.43,4641,6.98,5.76,27201,1.19
STC,2024-12-05,0,0,1400,0.07,-0.33,2167,9.37,7.19,23925,0.85
STH,2024-12-05,0,0,0,0,2.14,10,620.82,56.59,10236,0.64
ST8,2024-12-05,0,0.65,0,0,1.03,780,8.70,9.97,11827,0.57
STG,2024-12-05,0,30.05,0,0,0.75,1834,20.78,14.02,23877,1.60
STK,2024-12-05,200,16.55,0,0,0.92,616,39.72,7.86,17816,1.37
STL,2024-12-05,0,31.86,0,0,0,-973,-1.03,1.29,-157613,-0.01
STP,2024-12-05,0,1.06,1000,0.10,0.58,819,11.97,9.86,17454,0.56
STW,2024-12-05,0,0,936,0.03,-0.10,2442,12.69,12.29,17508,1.77
STT,2024-12-05,0,9.28,0,0,0.04,-1502,-0.93,25.60,183,7.67
STS,2024-12-05,0,0,0,0,-0.31,1307,39.63,14.34,15367,3.37
SVD,2024-12-05,0,0.16,0,0,0.13,-214,-16.38,96.63,9033,0.39
SVC,2024-12-05,0,1.71,1000,0.05,-0.08,795,27.54,10.75,37515,0.58
SVH,2024-12-05,0,0,0,0,0,2010,2.98,3.43,13913,0.43
SVN,2024-12-05,0,0.02,0,0,0.11,13,246.03,65.10,10688,0.29
SVG,2024-12-05,0,0,0,0,3.22,-1,-4260.87,57.53,10325,0.47
SVT,2024-12-05,0,0.20,1500,0.13,0.01,1910,5.99,7.34,13110,0.87
SVI,2024-12-05,0,95,2600,0.04,0.26,6313,9.82,5.16,65808,0.94
SWC,2024-12-05,0,0.01,0,0,0.30,3924,7.23,8.42,27007,1.05
SZC,2024-12-05,74200,2.29,1000,0.02,1.70,1919,21.47,32.50,16836,2.45
TA6,2024-12-05,0,0.51,0,0,-2.09,486,25.93,33.16,11779,1.07
SZL,2024-12-05,0,16.43,2000,0.05,0.17,4491,9.05,13.91,23412,1.74
TA9,2024-12-05,0,0,1206,0.10,0.54,2077,5.63,6.73,12841,0.91
SZG,2024-12-05,0,0,1100,0.03,-0.07,3311,10.57,15.69,15613,2.24
TAB,2024-12-05,0,0,0,0,-0.23,0,0,23.02,0,0
TAN,2024-12-05,0,0,0,0,-0.01,0,0,29.17,0,0
TAL,2024-12-05,0,0.01,1500,0.08,1.11,2244,8.47,11.88,12495,1.52
TAR,2024-12-05,0,0,0,0,-0.19,-662,-6.95,11.62,15656,0.29
TB8,2024-12-05,0,0,1600,0.16,0,5146,1.92,4.95,15684,0.63
TAW,2024-12-05,0,0,1050,0.07,0,309,47.92,10.08,11978,1.24
TBD,2024-12-05,0,4.53,2000,0.03,0.03,2986,26.05,31.28,18393,4.23
TBH,2024-12-05,0,0,0,0,0,161,81.18,0,5732,2.29
TBR,2024-12-05,0,0,350,0.05,0.16,0,0,14.26,0,0
TBT,2024-12-05,0,0,0,0,0,0,0,23.35,0,0
SZE,2024-12-05,0,0,800,0.07,-0.37,910,13.18,12.76,12508,0.96
SZB,2024-12-05,0,0,3300,0.08,0.25,6577,6.11,6.37,22835,1.76
TBC,2024-12-05,0,1.47,3000,0.08,-0.22,2611,15.13,11.31,21472,1.84
TCB,2024-12-05,2025400,22.32,1500,0.06,1.05,5254,4.46,6.10,20492,1.14
TBX,2024-12-05,0,0.01,0,0,0,168,133.10,67.36,13508,1.65
TCD,2024-12-05,26700,0.35,0,0,0.86,142,32.30,8.27,11451,0.40
TCI,2024-12-05,5500,5.19,0,0,0.96,568,13.90,11.32,10654,0.74
TBW,2024-12-05,0,0,1380,0.10,0,0,0,3.62,0,0
TCH,2024-12-05,983900,5.36,0,0,2.14,1546,9.90,12.78,19309,0.79
TCJ,2024-12-05,0,0,0,0,0,0,0,40,0,0
TCK,2024-12-05,0,0,0,0,-0.03,636,5.82,23.85,-4022,-0.92
TCL,2024-12-05,5400,11.72,2326,0.07,0.16,4549,7.65,7.84,20282,1.72
TCO,2024-12-05,0,0.72,0,0,0.13,1123,9.98,8.38,17755,0.63
TCM,2024-12-05,158400,49.84,0,0,1.14,2504,19.09,30.23,21698,2.20
TCT,2024-12-05,0,11.18,500,0.03,0.38,589,28.87,25.58,26772,0.63
TCR,2024-12-05,0,48.29,0,0,-0.21,-859,-4.02,1.92,8370,0.41
TDC,2024-12-05,15600,0.76,0,0,1.54,665,15.40,4.69,8932,1.15
TDB,2024-12-05,0,0,2500,0.06,0.08,2730,14.83,42.74,71508,0.57
TDF,2024-12-05,0,0,2000,0.17,0.68,-116,-100.10,7.42,24253,0.48
TDM,2024-12-05,0,3.16,1400,0.03,-0.04,1729,29.21,28.83,22369,2.26
TDH,2024-12-05,0,1.40,0,0,0.73,-297,-7.24,0.71,3298,0.65
TDS,2024-12-05,0,0.34,7000,0.64,1.89,-177,-61.51,19.01,16566,0.66
TDP,2024-12-05,0,0.13,0,0,0.55,1224,27.22,37.66,11387,2.92
TDG,2024-12-05,0,0.01,0,0,0.87,131,28.23,17.69,12385,0.30
TDT,2024-12-05,0,0.08,0,0,0.17,285,23.54,5.24,11360,0.59
TED,2024-12-05,0,35.26,2500,0.05,0.40,4523,11.70,9.18,26420,2
TDW,2024-12-05,0,3.05,3400,0.07,0.11,6525,7.59,8.11,26820,1.85
TGG,2024-12-05,0,0,0,0,0,-89,-25.79,20.93,6483,0.35
TFC,2024-12-05,0,32.06,1200,0.03,0.18,7423,6.18,13.55,21319,2.15
TGP,2024-12-05,0,0,0,0,0.23,0,0,11.41,0,0
TH1,2024-12-05,0,0.01,0,0,-0.54,3839,0.83,10.04,2639,1.21
TEL,2024-12-05,0,0.12,0,0,-0.89,0,0,231.67,11077,1.25
THB,2024-12-05,0,6.20,350,0.03,0.04,292,39.45,29.93,13019,0.88
THD,2024-12-05,0,0.19,0,0,0.15,419,85.15,202.13,11174,3.19
THM,2024-12-05,0,0,0,0,1.21,653,11.33,11.24,10483,0.71
THG,2024-12-05,0,2.90,4000,0.09,0.27,4494,9.90,9.46,26999,1.65
THN,2024-12-05,0,0,1009,0.20,0,1527,3.34,3.96,12247,0.42
THS,2024-12-05,0,0.05,800,0.09,0.24,680,12.65,10.08,14493,0.59
THT,2024-12-05,1100,4.06,1000,0.08,0.20,2981,4.16,3.61,16312,0.76
THP,2024-12-05,0,0,300,0.04,0.11,863,9.85,10.50,16751,0.51
THU,2024-12-05,0,0,587,0.06,0.36,0,0,10.84,0,0
THW,2024-12-05,0,2.46,600,0.04,-0.67,41,369.91,8.47,10257,1.46
TID,2024-12-05,0,0,1000,0.04,0.61,1510,15.65,18.91,20482,1.15
TIE,2024-12-05,0,0.90,0,0,0.31,-3426,-1.20,32.70,21486,0.19
TEG,2024-12-05,0,5.15,0,0,0.22,151,51.85,13.44,12248,0.64
TIN,2024-12-05,0,0.14,0,0,0.56,-943,-14.76,24.83,9435,1.47
TIP,2024-12-05,17300,17.18,300,0.01,1.41,3331,6.48,8.50,28099,0.77
TIS,2024-12-05,0,0.05,0,0,1.49,-347,-18.25,77.56,8680,0.73
TJC,2024-12-05,0,0.34,900,0.05,-0.06,5204,3.84,38.43,20359,0.98
TKA,2024-12-05,0,0,800,0.21,0,950,4.10,1.44,13998,0.28
TKC,2024-12-05,0,0,0,0,0,-55706,-0.02,0.78,-31251,-0.04
TKG,2024-12-05,0,0,0,0,0.24,207,11.61,4.33,10383,0.23
TL4,2024-12-05,0,0.01,0,0,0.32,-1711,-4.21,2175.23,14519,0.50
TLD,2024-12-05,0,0.66,0,0,-0.06,226,25.91,9.11,10507,0.56
TLG,2024-12-05,257000,22.50,2000,0.03,1.12,5744,11.46,13.61,30435,2.16
TLH,2024-12-05,8700,0.97,0,0,1.36,-2510,-1.71,4.83,14052,0.31
TLI,2024-12-05,0,0,0,0,3.07,0,0,-6.83,0,0
TLP,2024-12-05,0,0,311,0.05,0.13,569,11.60,10.64,11808,0.56
TLT,2024-12-05,0,0.23,500,0.04,0.55,0,0,19.85,-1473,-9.64
TMB,2024-12-05,0,0,2000,0.03,1.20,16902,3.81,16.10,50342,1.28
TMC,2024-12-05,0,1.78,600,0.07,-0.27,850,9.53,12.43,15402,0.53
TIX,2024-12-05,0,0.47,3000,0.08,-0.13,3464,10.97,11.29,28110,1.35
TIG,2024-12-05,195300,9.80,0,0,2,1072,12.59,7.45,14286,0.94
TET,2024-12-05,0,0.01,800,0.03,0.06,1454,21.59,29.85,20033,1.57
TKU,2024-12-05,0,8.15,0,0,0.32,616,24.35,14.06,11367,1.32
TMG,2024-12-05,0,0.02,2700,0.06,-0.31,2367,20.45,26.17,13072,3.70
TMW,2024-12-05,0,0,1000,0.04,-0.01,0,0,17.87,0,0
TMS,2024-12-05,0,42.60,500,0.01,0.07,1725,24.41,17.02,30332,1.39
TMP,2024-12-05,0,0.80,5683,0.08,0.05,4785,14.52,20.11,22237,3.13
TMT,2024-12-05,0,2.56,0,0,0.65,-5229,-1.34,6.77,6664,1.05
TMX,2024-12-05,0,6.94,300,0.03,-0.07,357,26.06,30.93,14919,0.62
TNA,2024-12-05,0,2.13,0,0,0.39,-818,-4.52,183.44,10688,0.35
TNG,2024-12-05,39600,17.11,1200,0.05,1.71,2585,9.52,9.73,15233,1.61
TNC,2024-12-05,0,0.56,1200,0.03,-0.01,1734,20.16,20.39,17033,2.05
TN1,2024-12-05,0,0.31,500,0.05,0.32,437,24,10.06,17175,0.61
TNB,2024-12-05,0,0,0,0,-0.77,-128,-82.17,63.39,12082,0.87
TNH,2024-12-05,31900,49.31,0,0,1.64,917,22.19,14.46,15563,1.31
TNS,2024-12-05,0,0.07,0,0,-0.21,1619,2.84,92,2834,1.62
TNI,2024-12-05,0,0.13,0,0,0.63,611,3.66,15.55,10072,0.22
TNP,2024-12-05,0,0,2500,0.11,-0.31,352,63.35,6.60,11061,2.02
TNM,2024-12-05,0,0,0,0,0,0,0,7.68,0,0
TNT,2024-12-05,0,1.50,0,0,1.07,308,13.15,10.33,13391,0.30
TNW,2024-12-05,0,0,570,0.05,0.54,-890,-11.80,28.87,12596,0.83
TOP,2024-12-05,0,1.35,0,0,0.19,1,937.50,1518.99,6404,0.19
TOT,2024-12-05,0,3.88,1000,0.06,0.29,3151,5.43,4.77,14195,1.20
TOS,2024-12-05,0,0,1500,0.02,0.20,8057,8.52,13.33,42738,1.61
TPC,2024-12-05,0,1.74,0,0,0.42,720,11.12,19.54,13055,0.61
TPB,2024-12-05,58700,30,500,0.03,1.28,2205,7.17,4.64,13744,1.15
TOW,2024-12-05,0,9.65,1500,0.07,1.77,511,44.27,5.80,16966,1.33
TPP,2024-12-05,0,0.17,0,0,-0.58,747,14.46,19.52,11906,0.91
TPH,2024-12-05,0,0,700,0.05,1.34,590,26.12,14.03,11767,1.31
TPS,2024-12-05,0,0,2500,0.08,-0.68,741,42.13,5.84,17152,1.82
TQN,2024-12-05,0,0,1523,0.06,-0.04,0,0,6.17,0,0
TQW,2024-12-05,0,0,640,0.08,0,0,0,15.67,0,0
TRA,2024-12-05,0,46.67,4000,0.05,-0.07,5139,15.16,10.66,37639,2.07
TRT,2024-12-05,0,0,0,0,0.22,223,121.51,29.81,12375,2.19
TRC,2024-12-05,1100,2.17,900,0.02,0.71,5184,9.74,21.48,58904,0.86
TR1,2024-12-05,0,0,1500,0.09,0.25,0,0,13.32,0,0
TRS,2024-12-05,0,0,1000,0.06,-0.70,0,0,3.37,0,0
TS3,2024-12-05,0,0,0,0,0.60,211,24.34,5.49,11074,0.46
TSA,2024-12-05,0,0,0,0,0.35,553,22.25,16.85,10945,1.12
TS4,2024-12-05,0,0,0,0,0,-225,-5.34,38.78,-32136,-0.04
TSB,2024-12-05,100,3.50,556,0.01,0.64,1049,42.53,37.61,12001,3.72
TSD,2024-12-05,0,3.29,0,0,0.88,0,0,7.98,0,0
TSC,2024-12-05,0,0.19,0,0,0.87,-88,-27.41,21.03,12454,0.19
TSG,2024-12-05,0,1.62,1100,0.06,0.22,0,0,8.32,0,0
TSJ,2024-12-05,0,0,900,0.04,0.35,1108,21.30,57.88,11346,2.08
TST,2024-12-05,0,0.94,0,0,-0.24,33,131.93,17.60,20226,0.22
TT6,2024-12-05,0,0,0,0,1.66,392,20.86,17.71,10705,0.76
TTB,2024-12-05,0,0,0,0,0,-12,-151.52,6.09,10341,0.17
TTC,2024-12-05,0,8.29,800,0.08,0.11,643,16.48,6.79,19481,0.54
TTA,2024-12-05,229700,1.52,0,0,1.10,1229,9.03,11.80,12621,0.88
TTD,2024-12-05,0,0.45,3300,0.05,0.81,4935,14.35,13.43,19372,3.65
TTG,2024-12-05,0,0,0,0,2,0,0,8.30,0,0
TTE,2024-12-05,0,0.05,0,0,0.56,381,86.08,53.54,10090,3.25
TTF,2024-12-05,28000,5.84,0,0,0.95,90,33.45,21.64,564,5.32
TTH,2024-12-05,0,0.32,0,0,1.78,-46,-58.19,13.11,10966,0.25
TTL,2024-12-05,0,0.01,0,0,0.86,310,25.45,33.04,15223,0.52
TTS,2024-12-05,0,0.01,0,0,-0.49,402,11.20,62.46,6050,0.74
TTP,2024-12-05,0,88.22,35000,0.55,1.05,9849,6.50,4.30,55472,1.15
TTT,2024-12-05,0,0,2000,0.06,0.70,3515,8.82,9.59,100010,0.31
TTN,2024-12-05,0,0.43,700,0.04,3.06,1679,10.80,17.08,12521,1.45
TTZ,2024-12-05,0,12.93,0,0,0,-27,-65.89,11.36,8733,0.21
TUG,2024-12-05,0,5.88,600,0.03,-0.18,0,0,5.61,0,0
TV2,2024-12-05,32400,9.10,2000,0.06,1.62,839,38.09,32.69,19090,1.67
TV3,2024-12-05,0,0.19,1000,0.09,0.61,1618,6.68,7.14,15606,0.69
TV1,2024-12-05,0,0,500,0.02,0.47,3120,7.08,6.96,14061,1.57
TV6,2024-12-05,0,0,0,0,0.81,0,0,82,0,0
TVA,2024-12-05,0,0,0,0,0.04,0,0,-22.65,0,0
TV4,2024-12-05,0,0,2200,0.16,-0.04,1703,7.99,8.20,13123,1.04
TVB,2024-12-05,2300,1.49,0,0,0.80,1311,6.53,10.66,10319,0.83
TVG,2024-12-05,0,0,0,0,0,0,0,14.06,0,0
TVC,2024-12-05,5200,0.98,0,0,1.33,3054,3.24,3.01,17250,0.57
TVD,2024-12-05,0,3.46,900,0.08,0.48,1613,6.76,2.90,13218,0.82
TVH,2024-12-05,0,0,3990,0.24,0,0,0,1.98,0,0
TVM,2024-12-05,0,0,500,0.05,0.03,935,11.76,15.53,16588,0.66
TVN,2024-12-05,100,0.08,0,0,3.02,54,135.91,41.18,13682,0.53
TVT,2024-12-05,0,0.26,1000,0.06,0.71,757,21,9.02,26750,0.59
TW3,2024-12-05,0,0.06,500,0.04,-0.72,0,0,7.10,0,0
TVS,2024-12-05,6000,22.19,0,0,1.76,1289,15.59,12,13347,1.51
TXM,2024-12-05,0,0.84,0,0,0.07,-387,-12.14,-21.78,15602,0.30
UCT,2024-12-05,0,0,0,0,0.09,49,148.86,99.01,10530,0.69
UDJ,2024-12-05,0,4.87,600,0.07,0.46,624,13.77,10.93,14559,0.59
UDC,2024-12-05,0,13.68,0,0,1.39,-1589,-2.24,124.43,5943,0.60
UDL,2024-12-05,0,0,0,0,0,0,0,6.47,0,0
TYA,2024-12-05,0,38.81,250,0.02,0.13,1816,7.49,11.74,17146,0.79
UEM,2024-12-05,0,0.02,1000,0.11,0.53,230,40.96,5.88,12560,0.75
UMC,2024-12-05,0,0,586,0.06,0,0,0,8.62,0,0
VE8,2024-12-05,0,0.68,0,0,0.09,-5807,-0.72,75.59,-4009,-1.05
UNI,2024-12-05,0,0,0,0,0.83,29,236.14,14.97,10514,0.66
UIC,2024-12-05,0,12.01,0,0,0.26,6908,5.72,2.95,55552,0.71
UPC,2024-12-05,0,0.01,1600,0.07,-1.36,591,36.54,4.17,16298,1.33
UPH,2024-12-05,0,0,0,0,-1.17,194,61.84,63.81,11580,1.04
USC,2024-12-05,0,0,110,0.01,0.24,0,0,24.75,0,0
USD,2024-12-05,0,0,1800,0.09,0.25,609,33.16,5.71,10609,1.90
V12,2024-12-05,0,0.02,600,0.05,-0.18,1005,12.74,12.64,13590,0.94
V11,2024-12-05,0,0.36,0,0,0.28,-765,-0.78,-0.32,5715,0.10
VAB,2024-12-05,0,0.18,0,0,1.21,1723,5.22,4.59,15959,0.56
VAV,2024-12-05,0,2.43,1200,0.03,0.28,5639,8.05,12.47,19775,2.30
V15,2024-12-05,0,0.33,0,0,0,-4056,-0.10,2.67,744,0.54
V21,2024-12-05,0,0,0,0,0.57,67,93.62,7.20,10164,0.62
VAF,2024-12-05,0,0.04,1000,0.07,0.21,1794,7.80,10.10,13241,1.06
VBB,2024-12-05,0,0,0,0,0.85,2025,4.50,4.96,17697,0.51
VBC,2024-12-05,0,0.41,1800,0.09,0,3652,5.48,4.27,21277,0.94
VC1,2024-12-05,0,0,0,0,0.05,550,14.36,9.27,20929,0.38
VC2,2024-12-05,36900,0.32,0,0,1.71,264,37.48,14.70,13297,0.74
VC5,2024-12-05,0,1.27,0,0,-0.23,5700,0.16,0.23,68377,0.01
VC6,2024-12-05,0,10.49,500,0.02,0.25,3431,6.97,10.94,16228,1.47
VC3,2024-12-05,19200,0.20,0,0,0.39,1220,23.29,14.05,11126,2.55
VC7,2024-12-05,0,0.09,0,0,2.20,274,45.68,14.79,10968,1.14
VC9,2024-12-05,0,0.06,0,0,0.25,86,49.82,44.55,3786,1.14
VCA,2024-12-05,0,0.58,0,0,1.06,138,85.76,28.12,12498,0.95
VCB,2024-12-05,368000,23.16,0,0,0.45,6194,15.09,17.04,34048,2.75
VCE,2024-12-05,0,0,0,0,0,0,0,-31.01,0,0
VCF,2024-12-05,0,0.57,25000,0.12,0.25,16185,13.04,23.84,65299,3.23
VCG,2024-12-05,194800,5.01,0,0,1.17,1460,12.06,11.09,18109,0.97
VCI,2024-12-05,815100,24.81,400,0.01,1.94,1838,17.68,26.67,15044,2.16
VBH,2024-12-05,0,1.48,0,0,-1.64,206,55.85,16.67,5209,2.21
VCP,2024-12-05,0,0.01,0,0,1.54,3172,8.06,30.10,22649,1.13
VCM,2024-12-05,0,0,0,0,0.70,1368,6.21,10.16,23819,0.36
VBG,2024-12-05,0,0,100,0.02,0,0,0,16.86,0,0
VCC,2024-12-05,0,0,350,0.04,-0.07,252,38.46,9.32,11083,0.88
VCS,2024-12-05,13200,1.76,2000,0.03,1.47,5343,12.47,10.31,32777,2.03
VCR,2024-12-05,0,0.01,0,0,0.03,-99,-245.54,52.90,7565,3.22
VCT,2024-12-05,0,0,0,0,0,0,0,14.62,0,0
VDG,2024-12-05,2300,1.65,0,0,1.74,0,0,0,0,0
VCW,2024-12-05,0,0.11,0,0,0.21,-735,-40.80,12.85,16591,1.81
VCX,2024-12-05,0,0.08,0,0,0.21,778,10.29,10.25,8471,0.94
VDB,2024-12-05,0,0,5336,5.93,0,1056,0.85,0.27,10000,0.09
VDL,2024-12-05,0,0.67,0,0,0.05,-830,-14.46,97.71,11566,1.04
VDN,2024-12-05,0,0,2000,0.11,0.60,0,0,5.94,0,0
VDP,2024-12-05,0,0.20,3500,0.10,0.17,3665,9.55,7.73,33242,1.05
VDS,2024-12-05,218100,0.70,0,0,2.27,1796,9.69,14.68,11702,1.49
VE1,2024-12-05,0,25.57,0,0,0.89,-341,-9.37,76.79,4076,0.79
VDT,2024-12-05,0,0,1000,0.05,0.96,0,0,17.20,0,0
VE2,2024-12-05,0,0.72,0,0,0,-755,-13.24,4.16,1247,8.02
VE3,2024-12-05,0,0,0,0,-0.01,583,13.38,7.92,14544,0.54
VEA,2024-12-05,300,1.82,5035,0.13,1.73,4839,7.88,9.23,22944,1.66
VE4,2024-12-05,0,0,0,0,0,-1742,-148.92,329.21,9806,26.45
VE9,2024-12-05,0,0.19,0,0,0.88,-42,-43.81,57.86,728,2.54
VEC,2024-12-05,0,0,0,0,0.40,-6,-1386.48,106.19,12428,0.64
VFC,2024-12-05,0,44.69,800,0.01,-0.62,650,160.86,139.47,20831,5.02
VEF,2024-12-05,0,0,0,0,1.23,2258,76.56,115.20,20051,8.62
VET,2024-12-05,0,0,40,0,0.95,1208,15.48,7.87,20379,0.92
VES,2024-12-05,0,0.11,0,0,0.14,-1826,-0.77,2500,8475,0.17
VFG,2024-12-05,500,2.17,3000,0.04,0.60,11287,7.58,11.89,35574,2.40
VGI,2024-12-05,0,0,0,0,3.48,889,103,50.88,11190,8.18
VGG,2024-12-05,0,15.07,4000,0.09,0.23,6812,6.59,9.90,48849,0.92
VFS,2024-12-05,28900,0.79,0,0,0.74,898,16.82,14.60,12938,1.17
VGC,2024-12-05,316200,3.72,1250,0.03,1.64,1312,32.47,17.21,18483,2.30
VFR,2024-12-05,0,0.17,0,0,2.13,2760,3.95,20.96,20838,0.52
VGL,2024-12-05,0,0,1500,0.07,0.33,852,23.93,12,13237,1.54
VGR,2024-12-05,0,22.04,8000,0.14,0.40,5650,10.41,15.50,14681,4.01
VGT,2024-12-05,0,14.06,300,0.02,3.23,545,25.13,12.45,18293,0.75
VGS,2024-12-05,66100,1.43,0,0,2.83,1147,27.56,31.56,18184,1.74
VGP,2024-12-05,0,0,600,0.02,0.11,2482,13.01,15.45,28837,1.12
VHC,2024-12-05,554400,28.48,4000,0.05,1.06,3996,18.24,20.45,40141,1.82
VGV,2024-12-05,0,6.92,600,0.02,0.31,1202,24.70,39.68,13075,2.27
VHD,2024-12-05,0,0,0,0,-1.07,-6215,-1.90,23.91,2223,5.31
VHG,2024-12-05,0,0.39,0,0,1.69,-38,-45.24,510.51,912,1.86
VHE,2024-12-05,0,0,0,0,0.95,88,35.28,41.09,10816,0.29
VHH,2024-12-05,0,0,0,0,2.41,-648,-4.94,8.89,9036,0.35
VHF,2024-12-05,0,0,345,0.02,-2.53,387,47.02,52.17,10685,1.70
VHL,2024-12-05,0,1.45,0,0,0.09,-2055,-4.87,-4.95,19503,0.51
VHM,2024-12-05,280500,11.68,0,0,0.81,4691,8.55,4.99,49597,0.81
VIB,2024-12-05,2000,4.99,1250,0.07,0.92,2795,6.74,4.66,13407,1.41
VID,2024-12-05,0,0.69,500,0.10,0.03,368,13.30,4.44,16571,0.30
VIC,2024-12-05,94800,10.27,0,0,0.48,2492,16.05,34.48,42958,0.93
VIE,2024-12-05,0,0.11,0,0,-0.58,969,4.44,10.07,7184,0.60
VIG,2024-12-05,0,2.42,0,0,1.49,745,7.38,7.35,7962,0.69
VIF,2024-12-05,0,0,921,0.05,0.63,1153,14.92,18.99,14173,1.21
VIH,2024-12-05,0,0,300,0.03,0.53,54,193.83,58.80,11683,0.90
VIM,2024-12-05,0,0.74,1400,0.07,1.08,0,0,17.77,0,0
VIP,2024-12-05,14500,9.92,1000,0.07,1.32,962,14.92,13.08,18294,0.78
VIN,2024-12-05,0,0.21,700,0.04,0.27,666,29.89,30.75,22041,0.90
VIT,2024-12-05,0,0.25,0,0,0.09,579,30.40,29.33,11972,1.47
VIR,2024-12-05,0,0.01,0,0,0.32,0,0,6.97,0,0
VIX,2024-12-05,2238000,3.92,0,0,2.01,1073,9.05,13.41,10924,0.89
VIW,2024-12-05,0,0,0,0,-1.20,5,2178.65,21.81,12403,0.81
VJC,2024-12-05,48700,13.29,0,0,0.62,3345,30.31,50.80,30877,3.28
VKC,2024-12-05,0,1.05,0,0,0.82,-8230,-0.12,-0.33,-11426,-0.09
X20,2024-12-05,0,0.19,600,0.05,-0.18,1502,7.39,7.57,15130,0.73
VLA,2024-12-05,0,0,0,0,0.09,-1799,-5.61,13.45,9310,1.08
VKP,2024-12-05,0,0.03,0,0,0,-6531,-0.08,0.43,1613,0.31
VLB,2024-12-05,0,0,1900,0.05,1.15,4530,8.76,14.33,15425,2.57
VLF,2024-12-05,0,0.20,0,0,0.65,-121,-8.27,0.48,-6952,-0.14
VLG,2024-12-05,0,0.30,0,0,0.91,3180,3.10,19.98,12790,0.77
VLC,2024-12-05,0,0.23,600,0.04,1.66,302,56.30,16.34,28295,0.60
VLP,2024-12-05,0,0,300,0.27,-0.49,738,1.49,1.77,11196,0.10
VMA,2024-12-05,0,37.64,1000,0.28,0,0,0,1.83,10992,0.33
VLW,2024-12-05,0,0.19,1622,0.06,-0.52,2861,9.47,9.64,15857,1.71
VMD,2024-12-05,0,1.27,4000,0.20,0.43,1214,16.48,9.25,28003,0.71
VMC,2024-12-05,0,0,0,0,0.82,94,65.16,13.80,13659,0.45
VMK,2024-12-05,0,0,0,0,0,0,0,15.54,0,0
VMG,2024-12-05,0,0.70,0,0,3.23,-626,-7.03,8.80,4171,1.05
VMS,2024-12-05,0,0,2140,0.10,0.03,1714,12.43,10.09,16410,1.30
VNA,2024-12-05,0,0,0,0,2.33,2607,8.46,12.94,15746,1.40
VMT,2024-12-05,0,0,0,0,-0.04,0,0,30.16,0,0
VNE,2024-12-05,0,2.45,0,0,1.03,-1100,-3.26,21.26,10866,0.33
VNB,2024-12-05,0,1.05,0,0,0.82,1076,9.75,17.13,15938,0.66
VNG,2024-12-05,0,0.38,0,0,0.41,-404,-20.75,35.48,11153,0.75
VNH,2024-12-05,0,1.79,0,0,1.72,1504,0.73,0.29,976,1.13
VNI,2024-12-05,0,0.04,0,0,0,-1163,-7.56,2.40,8073,1.09
VNC,2024-12-05,0,2.71,2500,0.06,-0.10,3367,11.88,12,27005,1.48
VNM,2024-12-05,183600,51.65,3850,0.06,0.72,4591,13.79,14.11,16864,3.75
VNR,2024-12-05,0,27.85,1000,0.04,0.41,1874,12.65,7.78,22905,1.03
VNS,2024-12-05,200,12.02,1500,0.15,0.25,1254,8.09,8.56,16587,0.61
VNF,2024-12-05,100,0.42,700,0.05,0.33,1985,7.46,10.79,19160,0.77
VNT,2024-12-05,2000,10.49,0,0,-0.57,-480,-71.67,73.65,12860,2.67
VND,2024-12-05,1066900,12.42,500,0.04,1.65,1783,7.43,9.99,12786,1.04
VNX,2024-12-05,0,0,15000,0.89,-0.28,1280,13.12,0.66,0,0
VNL,2024-12-05,2000,12.22,1200,0.07,0.02,2786,5.85,8.70,20296,0.80
VNP,2024-12-05,0,0.84,0,0,0.88,338,29.83,13.09,15212,0.66
VNY,2024-12-05,0,0,0,0,-0.32,214,26.11,18.20,6125,0.91
VOC,2024-12-05,0,0,1200,0.07,0.37,1103,15.41,60.90,17568,0.97
VNZ,2024-12-05,0,49,0,0,1.67,-23311,-16.24,55.79,61027,6.20
VOS,2024-12-05,109300,1.51,0,0,1.76,3206,4.99,6.93,14271,1.12
VPB,2024-12-05,1360900,25.22,1000,0.05,0.97,1679,11.32,6.28,17928,1.06
VPA,2024-12-05,0,0.05,0,0,-0.08,-2734,-1.24,-2.17,-3084,-1.10
VPC,2024-12-05,0,0.36,0,0,0.10,-1627,-1.04,-2.53,7067,0.24
VPG,2024-12-05,50900,0.29,0,0,1.40,-577,-21.05,7.16,17074,0.71
VPD,2024-12-05,500,31.12,2000,0.08,0.55,1981,13.33,21.18,14081,1.87
VPI,2024-12-05,31000,10.73,0,0,0.40,1065,55.20,48.79,14372,4.09
VPH,2024-12-05,0,0.58,500,0.07,0.96,1773,4.08,9.08,12118,0.60
VPR,2024-12-05,0,14.07,1000,0.06,0.77,0,0,7.02,0,0
VPS,2024-12-05,0,0.05,500,0.06,0.01,807,10.50,9.42,13495,0.63
VRE,2024-12-05,290300,20.42,0,0,1.13,1795,9.64,9.12,17972,0.96
VRC,2024-12-05,400,0.15,0,0,0.61,14,814.53,555.29,25219,0.46
X26,2024-12-05,0,0,1000,0.03,0.86,0,0,7.67,0,0
VPW,2024-12-05,0,0,383,0.04,0,0,0,6.15,0,0
VQC,2024-12-05,0,3.92,1000,0.08,-0.57,1118,11.63,3.97,23237,0.56
VRG,2024-12-05,0,0.76,3800,0.16,1.24,8917,2.68,7.47,14639,1.63
VSC,2024-12-05,320900,2.48,0,0,1.39,1095,14.57,14.30,16035,0.99
VSE,2024-12-05,0,0.95,0,0,2.33,0,0,40.48,0,0
VSG,2024-12-05,0,0.42,0,0,0.39,-3729,-0.59,-0.61,-15409,-0.14
VSA,2024-12-05,0,0,3200,0.14,0.88,1594,14.18,18.10,23891,0.95
VSF,2024-12-05,0,0,0,0,0.87,50,682.90,161.24,4855,6.99
VST,2024-12-05,0,0,0,0,0.45,3596,0.78,1.16,-10780,-0.26
VSM,2024-12-05,0,1.60,1200,0.06,0.05,3946,4.87,4.29,25314,0.76
VSN,2024-12-05,0,0,600,0.03,0.57,1331,13.30,10.23,15719,1.13
VSI,2024-12-05,0,1.30,2750,0.15,-0.15,1401,12.78,6.68,14828,1.21
VSH,2024-12-05,0,11.96,4000,0.08,-0.17,1595,31.34,23.38,20048,2.49
VTA,2024-12-05,0,0.17,0,0,0.65,-2991,-1.17,147.37,3183,1.10
VTD,2024-12-05,0,0,0,0,0.37,330,20.68,5.38,12636,0.54
VTB,2024-12-05,0,1.74,0,0,-0.09,1037,10.18,8.24,17462,0.60
VTE,2024-12-05,0,0,68,0.01,0.78,22,268.06,45.34,10797,0.55
VTC,2024-12-05,0,9.49,700,0.08,0.78,482,17.44,10.88,13383,0.63
VTG,2024-12-05,0,0,0,0,-0.14,326,25.44,15.11,9184,0.90
VTI,2024-12-05,0,0,0,0,0,0,0,3.68,0,0
VTH,2024-12-05,0,0,0,0,0.02,1263,5.86,4.21,11824,0.63
VTJ,2024-12-05,0,0.14,0,0,-0.13,-105,-38.16,57,8473,0.47
VTK,2024-12-05,900,0.35,1500,0.02,2.18,997,70.14,22.22,21632,3.23
VTP,2024-12-05,68700,7.50,1500,0.01,1.04,2979,50.65,49.67,12268,12.30
VTO,2024-12-05,36200,13.46,800,0.06,1.24,1418,10.01,13.35,14222,1
VTL,2024-12-05,0,0,0,0,-3.69,-2695,-3.86,-11.59,-3218,-3.23
VTR,2024-12-05,0,0,0,0,1.41,2032,9.72,8.49,16308,1.21
VTS,2024-12-05,0,0,0,0,0.55,-4181,-2.94,-3.10,8323,1.48
VTV,2024-12-05,0,0.28,100,0.02,0.63,-200,-25.01,-59.49,12647,0.40
VUA,2024-12-05,0,0,0,0,0.09,-363,-34.14,28.02,8382,1.48
VTZ,2024-12-05,8300,1.27,0,0,1.01,1377,12.71,14.05,10882,1.61
VVN,2024-12-05,0,0,0,0,0.33,-7727,-0.54,0,-35598,-0.12
VVS,2024-12-05,0,0,0,0,-0.63,3601,4.42,12.25,16089,0.99
VW3,2024-12-05,0,0.23,800,0.08,-0.30,0,0,9.41,0,0
VWS,2024-12-05,0,0,1800,0.09,0.03,0,0,6.88,0,0
VXB,2024-12-05,0,0.02,0,0,0.46,3164,8.88,0,8080,3.48
VXP,2024-12-05,0,0,0,0,0,0,0,440.67,0,0
VTM,2024-12-05,0,0,0,0,0,0,0,13.49,0,0
VTQ,2024-12-05,0,0,0,0,-0.12,-338,-96.49,1113.77,7438,4.38
WCS,2024-12-05,0,28.45,16000,0.06,0.35,29973,8.67,9.44,102914,2.53
VXT,2024-12-05,0,0,650,0.06,0.37,458,22.28,12.45,11607,0.88
VTX,2024-12-05,0,0,0,0,-0.02,-4818,-1.66,181.78,6165,1.30
WTC,2024-12-05,0,0.07,1200,0.11,0.20,0,0,7.34,0,0
WSB,2024-12-05,0,3.02,5000,0.10,0.34,4826,10.81,11.59,53432,0.98
WSS,2024-12-05,0,2.09,0,0,1.42,-975,-4.72,53.19,9577,0.48
X77,2024-12-05,0,0,0,0,0,0,0,0,0,0
XDH,2024-12-05,0,0,800,0.06,-0.48,687,20.66,19.19,19967,0.71
XLV,2024-12-05,0,0,800,0.09,-0.07,0,0,3,0,0
XHC,2024-12-05,0,0.01,0,0,2.09,2575,7.38,7.75,17114,1.11
XMC,2024-12-05,0,0,700,0.11,1.31,736,8.96,7.14,12362,0.53
XMP,2024-12-05,0,0.11,1100,0.08,-0.18,980,14,25.81,11972,1.15
XMD,2024-12-05,0,0.03,0,0,-1.38,1612,2.54,3.53,11841,0.35
YBC,2024-12-05,0,0.03,0,0,1.37,-4096,-1.76,4.20,2806,2.57
XPH,2024-12-05,0,0.15,0,0,1.22,-1324,-4,-10.28,11328,0.47
YBM,2024-12-05,0,0.29,500,0.05,0.06,988,10.63,8.53,12904,0.81
YTC,2024-12-05,0,0,162,0,2.96,5659,7.60,11.04,19311,2.23
YEG,2024-12-05,427500,9.44,0,0,0.88,563,22.66,26.87,10472,1.22