trading_date,stock_code,reference_price,opening_price,closing_price,highest_price,lowest_price,average_price,price_change,price_change_percentage,matched_orders_volume,matched_orders_value,total_trading_volume,total_trading_value,market_capitalization
2024-11-14,VN-Index,1246.04,1243.85,1231.89,1247.07,1231.69,0.0,-14.15,-1.14,555483300,13572699,692587426,16131672,5084001832
2024-11-13,VN-Index,1244.82,1243.19,1246.04,1247.04,1234.62,0.0,1.22,0.1,587703600,13716347,660546839,15335355,5139485176
2024-11-12,VN-Index,1250.32,1251.79,1244.82,1257.02,1242.91,0.0,-5.5,-0.44,516346200,12529327,600650740,14222173,5129471331
2024-11-11,VN-Index,1252.56,1253.81,1250.32,1253.87,1241.29,0.0,-2.24,-0.18,712083900,17618997,796476224,19616785,5152124689
2024-11-08,VN-Index,1259.75,1262.84,1252.56,1264.09,1250.77,0.0,-7.19,-0.57,503245100,12559732,555502136,13911276,5161584865
2024-11-07,VN-Index,1261.28,1266.61,1259.75,1267.09,1259.75,0.0,-1.53,-0.12,470366800,11434003,499262878,12480893,5191897346
2024-11-06,VN-Index,1245.76,1251.22,1261.28,1262.44,1250.57,0.0,15.52,1.25,502638900,12105968,566907624,14185533,5201834872
2024-11-05,VN-Index,1244.71,1244.85,1245.76,1248.97,1243.55,0.0,1.05,0.08,332629000,8185266,416244646,10968692,5136194299
2024-11-04,VN-Index,1254.89,1255.92,1244.71,1256.96,1242.36,0.0,-10.18,-0.81,588219400,13369068,709673109,15854300,5131898434
2024-11-01,VN-Index,1264.48,1262.39,1254.89,1264.67,1254.33,0.0,-9.59,-0.76,537480700,13586914,580509631,14790376,5173895846
2024-10-31,VN-Index,1258.63,1260.23,1264.48,1267.88,1255.55,0.0,5.85,0.46,469095100,10970862,614271168,18053362,5213303608
2024-10-30,VN-Index,1261.78,1263.57,1258.63,1264.84,1255.07,0.0,-3.15,-0.25,475263400,11175265,536846200,12700125,5189242295
2024-10-29,VN-Index,1254.77,1258.03,1261.78,1262.38,1257.43,0.0,7.01,0.56,490901600,11648541,875048711,18820167,5202163092
2024-10-28,VN-Index,1252.72,1252.76,1254.77,1255.18,1250.94,0.0,2.05,0.16,400523500,9219129,482689840,10863133,5173375062
2024-10-25,VN-Index,1257.41,1260.94,1252.72,1261.72,1251.75,0.0,-4.69,-0.37,525132900,12428553,569100886,13783998,5164769361
2024-10-24,VN-Index,1270.9,1271.17,1257.41,1274.11,1257.41,0.0,-13.49,-1.06,592565400,14082683,673137040,15980789,5179993866
2024-10-23,VN-Index,1269.89,1270.58,1270.9,1273.21,1263.26,0.0,1.01,0.08,535847500,12862649,589858241,14051387,5231094688
2024-10-22,VN-Index,1279.77,1280.21,1269.89,1280.21,1265.44,0.0,-9.88,-0.77,728503100,17539939,793916700,19090663,5226985672
2024-10-21,VN-Index,1285.46,1284.17,1279.77,1287.71,1279.77,0.0,-5.69,-0.44,580256800,13494896,622809008,14347215,5271251699
2024-10-18,VN-Index,1286.52,1291.16,1285.46,1294.1,1285.46,0.0,-1.06,-0.08,607857500,13915765,689070733,15384819,5294755076
2024-10-17,VN-Index,1279.48,1282.65,1286.52,1286.52,1271.82,0.0,7.04,0.55,617839000,13999992,685239360,15695850,5298950410
2024-10-16,VN-Index,1281.08,1279.86,1279.48,1283.33,1276.4,0.0,-1.6,-0.12,482243100,11866442,536463680,13298713,5273559302
2024-10-15,VN-Index,1286.34,1287.81,1281.08,1294.05,1279.81,0.0,-5.26,-0.41,675124700,15566030,712090690,16629455,5280200513
2024-10-14,VN-Index,1288.39,1296.54,1286.34,1297.67,1286.13,0.0,-2.05,-0.16,670466100,15341298,795706807,18282178,5304202068
2024-10-11,VN-Index,1286.36,1287.66,1288.39,1289.37,1283.56,0.0,2.03,0.16,479873200,11954997,531739469,13218781,5312855032
2024-10-10,VN-Index,1281.85,1289.61,1286.36,1294.33,1284.97,0.0,4.51,0.35,665300300,17184788,720089936,18471407,5304721579
2024-10-09,VN-Index,1271.98,1273.96,1281.85,1283.01,1273.04,0.0,9.87,0.78,643356300,16034768,676888068,17084789,5286389571
2024-10-08,VN-Index,1269.93,1271.98,1271.98,1275.82,1266.94,0.0,2.05,0.16,650356800,14967278,678704686,15729001,5245267821
2024-10-07,VN-Index,1270.6,1275.59,1269.93,1278.61,1264.65,0.0,-0.67,-0.05,497177600,10740889,542585281,11849425,5236206353
2024-10-04,VN-Index,1278.1,1278.9,1270.6,1279.33,1270.6,0.0,-7.5,-0.59,568802900,12694507,610071050,13734648,5238465884
2024-10-03,VN-Index,1287.84,1288.45,1278.1,1299.36,1276.51,0.0,-9.74,-0.76,1009745900,22040688,1043697915,23270341,5269563796
2024-10-02,VN-Index,1292.2,1289.65,1287.84,1293.69,1285.14,0.0,-4.36,-0.34,677770900,14949982,771123993,17747439,5301579693
2024-10-01,VN-Index,1287.94,1290.68,1292.2,1302.22,1290.68,0.0,4.26,0.33,922549900,20383200,982218319,21891299,5319727410
2024-09-30,VN-Index,1290.92,1290.17,1287.94,1292.03,1283.92,0.0,-2.98,-0.23,693267200,15114677,748397879,16288541,5302215155
2024-09-27,VN-Index,1291.49,1295.03,1290.92,1300.31,1287.21,0.0,-0.57,-0.04,874903600,19296699,950804402,21562532,5314392833
2024-09-26,VN-Index,1287.48,1290.03,1291.49,1298.71,1289.15,0.0,4.01,0.31,889834500,20126426,956803250,21803610,5309139765
2024-09-25,VN-Index,1276.99,1282.48,1287.48,1288.44,1280.47,0.0,10.49,0.82,904058400,20584177,992827530,22791465,5290505241
2024-09-24,VN-Index,1268.48,1268.25,1276.99,1276.99,1266.68,0.0,8.51,0.67,493764800,11584712,817535117,17917002,5244082461
2024-09-23,VN-Index,1272.04,1275.15,1268.48,1276.99,1267.87,0.0,-3.56,-0.28,455722900,10452546,564217395,12899829,5204615038
2024-09-20,VN-Index,1271.27,1277.73,1272.04,1283.3,1272.04,0.0,0.77,0.06,840427500,20059276,898259995,21820855,5236136231
2024-09-19,VN-Index,1264.9,1268.08,1271.27,1271.27,1264.82,0.0,6.37,0.5,477857400,11990478,607580549,14285390,5221244097
2024-09-18,VN-Index,1258.95,1261.23,1264.9,1271.77,1257.93,0.0,5.95,0.47,598425800,14800917,799783535,18546463,5197146480
2024-09-17,VN-Index,1239.26,1240.0,1258.95,1258.95,1238.69,0.0,19.69,1.59,460745200,10527635,632194532,13527555,5168446177
2024-09-16,VN-Index,1251.71,1251.0,1239.26,1255.42,1239.26,0.0,-12.45,-0.99,453594700,10549435,608012444,13485253,5091466098
2024-09-13,VN-Index,1256.35,1253.48,1251.71,1254.24,1248.78,0.0,-4.64,-0.37,383574300,9160162,482055936,11173517,5135899928
2024-09-12,VN-Index,1253.27,1258.42,1256.35,1260.93,1255.87,0.0,3.08,0.25,381113000,9286939,433675900,10470551,5160938149
2024-09-11,VN-Index,1255.23,1254.25,1253.27,1256.86,1244.79,0.0,-1.96,-0.16,517736700,11259197,583746472,12843600,5147965852
2024-09-10,VN-Index,1267.73,1269.83,1255.23,1271.83,1252.22,0.0,-12.5,-0.99,601503900,13935524,690102153,15599810,5156320833
2024-09-09,VN-Index,1273.96,1269.83,1267.73,1269.92,1262.97,0.0,-6.23,-0.49,433866000,10287930,497552945,11693088,5207297807
2024-09-06,VN-Index,1268.21,1268.22,1273.96,1274.44,1262.94,0.0,5.75,0.45,514945000,12216676,637094418,15481693,5232891108
2024-09-05,VN-Index,1275.8,1276.35,1268.21,1282.21,1266.05,0.0,-7.59,-0.59,594459100,14821030,665625986,16585358,5209239696
2024-09-04,VN-Index,1283.87,1271.39,1275.8,1277.27,1268.43,0.0,-8.07,-0.63,588167700,13759305,648409343,15718741,5240678257
2024-08-30,VN-Index,1281.47,1283.61,1283.87,1286.84,1282.58,0.0,2.4,0.19,510781800,12116262,571596260,13521544,5265880953
2024-08-29,VN-Index,1281.44,1281.05,1281.47,1288.2,1280.24,0.0,0.03,0.0,581218200,12730769,634088620,14029270,5246614298
2024-08-28,VN-Index,1280.56,1283.41,1281.44,1285.72,1276.9,0.0,0.88,0.07,658164100,14855788,717617522,16332597,5251526296
2024-08-27,VN-Index,1280.02,1279.55,1280.56,1282.92,1274.7,0.0,0.54,0.04,589971400,14426779,660799355,16189932,5255170780
2024-08-26,VN-Index,1285.32,1289.65,1280.02,1290.45,1278.72,0.0,-5.3,-0.41,692148600,16586070,775470385,18301868,5252571629
2024-08-23,VN-Index,1282.78,1283.22,1285.32,1287.43,1276.43,0.0,2.54,0.2,635715300,14256063,724871854,16839311,5274322711
2024-08-22,VN-Index,1284.05,1287.34,1282.78,1288.42,1280.42,0.0,-1.27,-0.1,612390700,14037697,687364524,15606684,5270768416
2024-08-21,VN-Index,1272.55,1272.34,1284.05,1284.05,1268.91,0.0,11.5,0.9,715821800,17866146,836416946,20651463,5283705501
2024-08-20,VN-Index,1261.62,1263.65,1272.55,1275.95,1263.65,0.0,10.93,0.87,772116400,17958530,810158292,19016258,5236248971
2024-08-19,VN-Index,1252.23,1259.36,1261.62,1263.84,1256.45,0.0,9.39,0.75,609857600,14497562,698632210,16781259,5191480296
2024-08-16,VN-Index,1223.56,1228.27,1252.23,1253.24,1227.94,0.0,28.67,2.34,917109200,21502878,965064150,23013938,5152563875
2024-08-15,VN-Index,1230.36,1230.58,1223.56,1231.69,1222.28,0.0,-6.8,-0.55,432238900,10057348,497056231,11541316,5035266326
2024-08-14,VN-Index,1230.42,1233.7,1230.36,1236.51,1228.93,0.0,-0.06,0.0,443207500,10827423,507177627,13004581,5062667911
2024-08-13,VN-Index,1230.28,1229.81,1230.42,1231.55,1223.01,0.0,0.14,0.01,488354400,11655677,539116428,13081264,5051120820
2024-08-12,VN-Index,1223.64,1225.95,1230.28,1231.46,1221.16,0.0,6.64,0.54,494612600,12043578,551151486,14033155,5050815225
2024-08-09,VN-Index,1208.32,1215.3,1223.64,1225.02,1208.32,0.0,15.32,1.27,544377600,12754148,586759414,14277468,5023132593
2024-08-08,VN-Index,1215.88,1211.83,1208.32,1219.97,1202.58,0.0,-7.56,-0.62,639434200,13541228,758833010,16744105,4959916290
2024-08-07,VN-Index,1210.28,1216.96,1215.88,1217.79,1205.11,0.0,5.6,0.46,510188600,11636387,623845094,14192148,4990690591
2024-08-06,VN-Index,1188.07,1197.52,1210.28,1213.35,1186.74,0.0,22.21,1.87,612793000,13842791,688836957,16355894,4968595090
2024-08-05,VN-Index,1236.6,1219.05,1188.07,1236.6,1184.53,0.0,-48.53,-3.92,942540200,21258710,1038092780,23782131,4877769369
2024-08-02,VN-Index,1226.96,1215.67,1236.6,1236.6,1209.77,0.0,9.64,0.79,657669700,15666633,696662777,16387199,5073587977
2024-08-01,VN-Index,1251.51,1254.59,1226.96,1257.85,1222.51,0.0,-24.55,-1.96,852237400,20271871,897261200,21396755,5030533294
2024-07-31,VN-Index,1245.06,1247.45,1251.51,1255.77,1246.3,0.0,6.45,0.52,685428100,15319038,748846724,17570073,5132101470
2024-07-30,VN-Index,1246.6,1247.23,1245.06,1248.73,1236.97,0.0,-1.54,-0.12,602301200,12578238,653073299,13739010,5107499259
2024-07-29,VN-Index,1242.11,1247.71,1246.6,1249.68,1243.08,0.0,4.49,0.36,464637300,10492417,496865207,11379739,5113240515
2024-07-26,VN-Index,1233.19,1235.08,1242.11,1242.11,1234.05,0.0,8.92,0.72,417284900,10117754,458792190,11853708,5091450682
2024-07-25,VN-Index,1238.47,1232.92,1233.19,1235.67,1226.2,0.0,-5.28,-0.43,421019600,9656643,484409425,11719327,5054771781
2024-07-24,VN-Index,1231.81,1225.5,1238.47,1242.4,1218.65,0.0,6.66,0.54,658299500,16064682,740263375,17864842,5079194303
2024-07-23,VN-Index,1254.64,1256.72,1231.81,1258.74,1231.81,0.0,-22.83,-1.82,662804800,16131683,728380946,18069850,5052468039
2024-07-22,VN-Index,1264.78,1261.42,1254.64,1267.43,1245.02,0.0,-10.14,-0.8,834239700,19105304,923629363,21115164,5145296997
2024-07-19,VN-Index,1274.44,1275.28,1264.78,1279.94,1260.68,0.0,-9.66,-0.76,726065300,17234041,791804100,18538012,5186110459
2024-07-18,VN-Index,1268.66,1270.95,1274.44,1274.67,1256.21,0.0,5.78,0.46,652389000,16501035,739044489,19109399,5237065157
2024-07-17,VN-Index,1281.18,1287.48,1268.66,1290.76,1256.42,0.0,-12.52,-0.98,1082362800,25762491,1225383052,29327300,5208229429
2024-07-16,VN-Index,1279.82,1282.83,1281.18,1291.47,1279.37,0.0,1.36,0.11,637199000,15382942,684257163,16413876,5258927107
2024-07-15,VN-Index,1280.75,1284.14,1279.82,1286.37,1276.27,0.0,-0.93,-0.07,474359200,11305160,573485101,14234859,5248376422
2024-07-12,VN-Index,1283.8,1284.57,1280.75,1288.67,1277.16,0.0,-3.05,-0.24,546830500,13765960,606308137,15253428,5252142957
2024-07-11,VN-Index,1285.94,1291.14,1283.8,1293.32,1283.8,0.0,-2.14,-0.17,636332300,16523439,697233094,18519316,5184172974
2024-07-10,VN-Index,1293.71,1295.57,1285.94,1297.96,1285.94,0.0,-7.77,-0.6,678093600,17915011,751002251,21825804,5196221539
2024-07-09,VN-Index,1283.56,1286.33,1293.71,1294.15,1283.62,0.0,10.15,0.79,757408500,20196376,821808017,21819558,5230614133
2024-07-08,VN-Index,1283.04,1285.34,1283.56,1287.14,1277.68,0.0,0.52,0.04,664000500,17548522,766848184,19886615,5189001914
2024-07-05,VN-Index,1279.89,1281.21,1283.04,1284.98,1276.93,0.0,3.15,0.25,589226400,15280723,616503474,15998186,5185848635
2024-07-04,VN-Index,1276.85,1278.87,1279.89,1283.13,1274.58,0.0,3.04,0.24,475717900,12951846,523462424,14010893,5172639420
2024-07-03,VN-Index,1269.79,1273.26,1276.85,1278.14,1268.23,0.0,7.06,0.56,501951100,13315757,589504712,15577256,5161751528
2024-07-02,VN-Index,1254.56,1258.87,1269.79,1270.47,1257.93,0.0,15.23,1.21,470400200,12350488,528470005,13982061,5132183510
2024-07-01,VN-Index,1245.32,1246.33,1254.56,1254.56,1240.07,0.0,9.24,0.74,432927800,11891882,487191100,13114807,5070942516
2024-06-28,VN-Index,1259.09,1260.27,1245.32,1262.61,1240.15,0.0,-13.77,-1.09,671599000,16880774,840428178,20857019,5022549539
2024-06-27,VN-Index,1261.24,1260.71,1259.09,1262.49,1255.12,0.0,-2.15,-0.17,469667500,12310204,596988499,15173274,5080184239
2024-06-26,VN-Index,1256.56,1258.95,1261.24,1262.67,1247.55,0.0,4.68,0.37,589079700,15391961,878371266,20811999,5085750280
2024-06-25,VN-Index,1254.12,1255.77,1256.56,1260.07,1250.25,0.0,2.44,0.19,547152400,15165995,835303407,21546147,5066895092
2024-06-24,VN-Index,1282.02,1281.19,1254.12,1284.84,1252.66,0.0,-27.9,-2.18,1098142200,28232359,1247101984,31815031,5052448259
2024-06-21,VN-Index,1282.3,1285.07,1282.02,1288.06,1279.44,0.0,-0.28,-0.02,702735900,18703654,834751762,21467070,5164425109
2024-06-20,VN-Index,1279.79,1281.82,1282.3,1286.54,1273.54,0.0,2.51,0.2,818094800,21357764,932545131,23848119,5164763381
2024-06-19,VN-Index,1279.5,1283.0,1279.79,1284.14,1270.66,0.0,0.29,0.02,767825600,20735339,1004875853,25970970,5241267665
2024-06-18,VN-Index,1274.77,1279.39,1279.5,1286.52,1278.38,0.0,4.73,0.37,633180900,17485053,805289430,22511232,5213719263
2024-06-17,VN-Index,1279.91,1282.08,1274.77,1283.1,1272.54,0.0,-5.14,-0.4,779686100,20192514,900555134,22990085,5190853086
2024-06-14,VN-Index,1301.51,1303.37,1279.91,1305.02,1279.91,0.0,-21.6,-1.66,1009525700,26765198,1109608093,29341968,5208589395
2024-06-13,VN-Index,1300.19,1305.69,1301.51,1306.01,1297.6,0.0,1.32,0.1,829312700,21306691,891331399,23073778,5303864073
2024-06-12,VN-Index,1284.41,1285.01,1300.19,1301.35,1281.71,0.0,15.78,1.23,769901500,20174946,895254667,23268626,5296294353
2024-06-11,VN-Index,1290.67,1295.03,1284.41,1296.41,1279.47,0.0,-6.26,-0.49,859304400,22275970,993342917,25420890,5256624171
2024-06-10,VN-Index,1287.58,1292.67,1290.67,1297.39,1287.44,0.0,3.09,0.24,778972900,19457625,858651954,21617834,5282291645
2024-06-07,VN-Index,1283.56,1289.05,1287.58,1293.03,1283.13,0.0,4.02,0.31,604686400,15340814,698283332,17848876,5270018298
2024-06-06,VN-Index,1284.35,1288.79,1283.56,1292.02,1278.4,0.0,-0.79,-0.06,797941200,19775472,893066672,22244066,5239566877
2024-06-05,VN-Index,1283.52,1284.36,1284.35,1293.93,1284.35,0.0,0.83,0.06,810156400,21420796,925054928,24088585,5242796281
2024-06-04,VN-Index,1280.0,1286.14,1283.52,1289.31,1281.98,0.0,3.52,0.28,785860800,20167351,935848681,23736949,5239396777
2024-06-03,VN-Index,1261.72,1272.37,1280.0,1284.48,1271.65,0.0,18.28,1.45,930997200,23221846,1046924676,26097750,5207934171
2024-05-31,VN-Index,1266.32,1268.37,1261.72,1271.07,1261.43,0.0,-4.6,-0.36,617748900,15446557,771151605,18740111,5129404529
2024-05-30,VN-Index,1272.64,1264.45,1266.32,1269.07,1251.8,0.0,-6.32,-0.5,958531600,23730282,1050581949,25853199,5162644014
2024-05-29,VN-Index,1281.73,1284.74,1272.64,1285.63,1271.6,0.0,-9.09,-0.71,967116000,22957517,1072465256,25430347,5188859842
2024-05-28,VN-Index,1267.68,1272.23,1281.73,1281.73,1269.37,0.0,14.05,1.11,744100500,19159073,868584327,22062374,5228876613
2024-05-27,VN-Index,1261.93,1263.46,1267.68,1267.68,1257.27,0.0,5.75,0.46,598637500,14844605,726703810,17583729,5170967514
2024-05-24,VN-Index,1281.03,1276.68,1261.93,1285.07,1250.28,0.0,-19.1,-1.49,1179910300,30616249,1367781161,35530883,5141671031
2024-05-23,VN-Index,1266.91,1265.6,1281.03,1281.03,1262.29,0.0,14.12,1.11,833709000,20886922,968130000,23314101,5219083619
2024-05-22,VN-Index,1277.14,1280.26,1266.91,1283.06,1263.87,0.0,-10.23,-0.8,987232400,24299785,1139091754,28049572,5178943835
2024-05-21,VN-Index,1277.58,1277.85,1277.14,1281.29,1267.29,0.0,-0.44,-0.03,840139100,20567881,972159800,23993855,5220332508
2024-05-20,VN-Index,1273.11,1281.5,1277.58,1285.19,1277.36,0.0,4.47,0.35,957652300,23374204,1161563296,27679195,5225874585
2024-05-17,VN-Index,1268.78,1270.34,1273.11,1274.27,1266.32,0.0,4.33,0.34,830841100,20476807,937042992,23073868,5207587854
2024-05-16,VN-Index,1254.39,1264.51,1268.78,1271.66,1261.19,0.0,14.39,1.15,808769400,20691327,885055936,22694960,5192645345
2024-05-15,VN-Index,1243.28,1248.61,1254.39,1257.92,1248.02,0.0,11.11,0.89,759159700,19348832,880174065,22149930,5133358305
2024-05-14,VN-Index,1240.18,1246.23,1243.28,1252.52,1240.88,0.0,3.1,0.25,529153100,13131835,640493532,15613401,5092192174
2024-05-13,VN-Index,1244.7,1248.19,1240.18,1249.2,1233.56,0.0,-4.52,-0.36,636191500,14748306,741579440,17214157,5079671831
2024-05-10,VN-Index,1248.64,1251.78,1244.7,1252.5,1237.46,0.0,-3.94,-0.32,593429800,14649864,669111203,16283499,5098480140
2024-05-09,VN-Index,1250.46,1252.81,1248.64,1256.8,1243.29,0.0,-1.82,-0.15,638850100,16497375,771552716,20011108,5116947278
2024-05-08,VN-Index,1248.63,1243.61,1250.46,1251.62,1234.76,0.0,1.83,0.15,819607600,19240266,981802972,23308549,5124814912
2024-05-07,VN-Index,1241.58,1245.5,1248.63,1250.63,1240.09,0.0,7.05,0.57,592485900,15079723,707897194,18425624,5116432749
2024-05-06,VN-Index,1221.03,1226.89,1241.58,1226.89,1224.22,0.0,20.55,1.68,666198300,16048208,864633630,20887567,5087483307
2024-05-03,VN-Index,1216.36,1219.75,1221.03,1225.75,1218.33,0.0,4.67,0.38,567269900,15166675,643428817,17027305,5002961855
2024-05-02,VN-Index,1209.52,1212.13,1216.36,1216.36,1206.28,0.0,6.84,0.57,513763800,12553472,570363680,14399458,4983813895
2024-04-26,VN-Index,1204.97,1199.6,1209.52,1216.6,1198.73,0.0,4.55,0.38,574409200,14009630,620884392,15488391,4955781553
2024-04-25,VN-Index,1205.61,1206.52,1204.97,1208.41,1200.21,0.0,-0.64,-0.05,489174900,12143563,569651810,14173882,4937288444
2024-04-24,VN-Index,1177.4,1186.47,1205.61,1207.61,1177.4,0.0,28.21,2.4,691475300,16803238,820079823,19846934,4940307507
2024-04-23,VN-Index,1190.22,1189.98,1177.4,1192.8,1169.61,0.0,-12.82,-1.08,672945800,15590547,778311310,17488856,4824923731
2024-04-22,VN-Index,1174.85,1183.77,1190.22,1193.88,1181.13,0.0,15.37,1.31,615914300,13912465,708578793,15965524,4872989878
2024-04-19,VN-Index,1193.01,1188.47,1174.85,1190.96,1165.99,0.0,-18.16,-1.52,1024630300,22478300,1070536473,23702447,4810429815
2024-04-17,VN-Index,1215.68,1215.98,1193.01,1221.47,1193.01,0.0,-22.67,-1.86,766171800,17024820,859252249,19106402,4883766582
2024-04-16,VN-Index,1216.61,1216.65,1215.68,1222.45,1191.73,0.0,-0.93,-0.08,1214696500,27261903,1355239132,30325808,4976997430
2024-04-15,VN-Index,1276.6,1276.16,1216.61,1281.81,1216.61,0.0,-59.99,-4.7,1056598900,24001539,1455862779,33567754,4978691037
2024-04-12,VN-Index,1258.2,1259.02,1276.6,1278.39,1259.02,0.0,18.4,1.46,696705300,17040382,944444595,24069554,5222863215
2024-04-11,VN-Index,1258.56,1255.46,1258.2,1262.03,1248.11,0.0,-0.36,-0.03,642873900,15137804,686819590,16544548,5147356091
2024-04-10,VN-Index,1262.82,1266.52,1258.56,1268.72,1258.56,0.0,-4.26,-0.34,633149400,15206318,702274717,16845690,5149913974
2024-04-09,VN-Index,1250.35,1252.4,1262.82,1262.82,1247.7,0.0,12.47,1.0,648177200,15470448,717434222,17147102,5161811770
2024-04-08,VN-Index,1255.11,1255.51,1250.35,1258.4,1246.87,0.0,-4.76,-0.38,790344900,18445827,876038830,20402510,5109281310
2024-04-05,VN-Index,1268.25,1258.58,1255.11,1265.14,1253.56,0.0,-13.14,-1.04,1034849200,24311745,1075439698,25193148,5128257135
2024-04-04,VN-Index,1271.47,1272.91,1268.25,1277.62,1265.12,0.0,-3.22,-0.25,921606500,22626218,980907137,23862445,5180772253
2024-04-03,VN-Index,1287.04,1285.26,1271.47,1288.99,1271.47,0.0,-15.57,-1.21,995560400,25222666,1077322954,27423682,5194797461
2024-04-02,VN-Index,1281.52,1275.83,1287.04,1287.04,1268.48,0.0,5.52,0.43,1031022100,25531011,1087683661,27516695,5258009129
2024-04-01,VN-Index,1284.09,1282.37,1281.52,1286.8,1274.09,0.0,-2.57,-0.2,899388500,21563277,971211980,23287565,5232995108
2024-03-29,VN-Index,1290.18,1292.7,1284.09,1293.04,1282.44,0.0,-6.09,-0.47,790542600,19401031,922547400,23203752,5244051652
2024-03-28,VN-Index,1283.09,1293.03,1290.18,1293.9,1285.52,0.0,7.09,0.55,888388100,22839207,1012175340,25868691,5267503782
2024-03-27,VN-Index,1282.21,1286.34,1283.09,1286.72,1276.95,0.0,0.88,0.07,803249600,19503441,919282582,24060712,5238403748
2024-03-26,VN-Index,1267.86,1267.95,1282.21,1282.5,1264.42,0.0,14.35,1.13,858426100,19992295,941695455,21890901,5235077119
2024-03-25,VN-Index,1281.8,1278.86,1267.86,1286.84,1264.51,0.0,-13.94,-1.09,1165944800,27231371,1242486633,29258552,5176758905
2024-03-22,VN-Index,1276.42,1281.56,1281.8,1291.27,1276.38,0.0,5.38,0.42,1180774200,29265347,1377676890,34734147,5233252934
2024-03-21,VN-Index,1260.08,1268.02,1276.42,1276.42,1264.2,0.0,16.34,1.3,1135242300,27565461,1251812900,29614016,5210696393
2024-03-20,VN-Index,1242.46,1243.78,1260.08,1261.55,1235.46,0.0,17.62,1.42,859094600,21206486,915569336,22992373,5146019398
2024-03-19,VN-Index,1243.56,1246.54,1242.46,1249.75,1238.92,0.0,-1.1,-0.09,782479600,19108101,914651785,21649440,5074238503
2024-03-18,VN-Index,1263.78,1264.17,1243.56,1269.9,1221.67,0.0,-20.22,-1.6,1616423600,40275811,1708781142,43129404,5079057968
2024-03-15,VN-Index,1264.26,1263.46,1263.78,1271.63,1252.36,0.0,-0.48,-0.04,1008834600,26040051,1067614441,27508650,5159341172
2024-03-14,VN-Index,1270.51,1272.16,1264.26,1276.41,1258.67,0.0,-6.25,-0.49,1021281000,26790553,1057178320,27961987,5161030263
2024-03-13,VN-Index,1245.0,1245.25,1270.51,1270.51,1245.25,0.0,25.51,2.05,890291900,23581685,982228387,26292351,5186598649
2024-03-12,VN-Index,1235.49,1234.87,1245.0,1248.33,1233.14,0.0,9.51,0.77,792213500,19801705,836219861,20756547,5082654207
2024-03-11,VN-Index,1247.35,1248.54,1235.49,1254.01,1233.49,0.0,-11.86,-0.95,922753300,22546598,975985066,23857963,5034960393
2024-03-08,VN-Index,1268.46,1270.14,1247.35,1274.3,1247.35,0.0,-21.11,-1.66,1308498300,31520098,1346110974,32502654,5083383845
2024-03-07,VN-Index,1262.73,1263.51,1268.46,1269.88,1260.24,0.0,5.73,0.45,948074000,23533741,1017267325,25084127,5151205083
2024-03-06,VN-Index,1269.98,1270.05,1262.73,1277.51,1256.3,0.0,-7.25,-0.57,1001224394,23112425,1062933517,24897760,5127448557
2024-03-05,VN-Index,1261.41,1262.89,1269.98,1269.98,1257.81,0.0,8.57,0.68,927988200,22173837,1011196107,24356769,5156740042
2024-03-04,VN-Index,1258.28,1264.07,1261.41,1268.25,1256.54,0.0,3.13,0.25,1060738400,25927479,1183086384,28606547,5121865737
2024-03-01,VN-Index,1252.73,1256.72,1258.28,1258.76,1247.87,0.0,5.55,0.44,890614800,22046204,961928011,23731675,5109496701
2024-02-29,VN-Index,1254.55,1257.56,1252.73,1264.39,1247.7,0.0,-1.82,-0.15,1012951600,24420709,1091193600,26136517,5096650413
2024-02-28,VN-Index,1237.46,1242.06,1254.55,1254.55,1236.32,0.0,17.09,1.38,899523200,21151041,970755990,22689114,5120689254
2024-02-27,VN-Index,1224.17,1228.98,1237.46,1237.6,1226.49,0.0,13.29,1.09,916784900,21462044,986854411,23058463,5051520888
2024-02-26,VN-Index,1212.0,1213.65,1224.17,1225.21,1210.52,0.0,12.17,1.0,834749900,19521724,889748773,20961660,4997691614
2024-02-23,VN-Index,1227.31,1228.21,1212.0,1240.81,1211.55,0.0,-15.31,-1.25,1245742100,28109756,1394045720,31982968,4948802109
2024-02-22,VN-Index,1230.04,1230.65,1227.31,1232.09,1226.15,0.0,-2.73,-0.22,795021800,16799782,840410190,17950539,5010816111
2024-02-21,VN-Index,1230.06,1231.5,1230.04,1234.22,1222.92,0.0,-0.02,0.0,886110400,20524406,988846280,22593298,5021739410
2024-02-20,VN-Index,1224.97,1228.08,1230.06,1230.47,1222.66,0.0,5.09,0.42,843779800,18934403,939927595,21121188,5021525199
2024-02-19,VN-Index,1209.7,1213.38,1224.97,1225.48,1212.58,0.0,15.27,1.26,975154800,22875106,1046431380,24754268,5001121635
2024-02-16,VN-Index,1202.5,1205.3,1209.7,1210.25,1204.29,0.0,7.2,0.6,783875500,17505000,822636730,18252686,4939330410
2024-02-15,VN-Index,1198.53,1203.08,1202.5,1207.56,1198.53,0.0,3.97,0.33,843733100,18619847,868724308,19392899,4910311877
2024-02-07,VN-Index,1188.48,1190.68,1198.53,1199.52,1190.5,0.0,10.05,0.85,664714300,14949125,685659517,15505680,4893837440
2024-02-06,VN-Index,1186.06,1188.22,1188.48,1190.92,1185.68,0.0,2.42,0.2,566198900,12839492,619772100,14623610,4852680383
2024-02-05,VN-Index,1172.55,1174.41,1186.06,1188.45,1173.54,0.0,13.51,1.15,769953100,16975824,874803630,19193724,4842348678
2024-02-02,VN-Index,1173.02,1174.25,1172.55,1178.27,1169.7,0.0,-0.47,-0.04,790756000,17552136,914673342,20028109,4783635965
2024-02-01,VN-Index,1164.31,1162.6,1173.02,1174.5,1162.45,0.0,8.71,0.75,578639500,13003776,670246274,15278822,4785993991
2024-01-31,VN-Index,1179.65,1181.81,1164.31,1182.53,1163.13,0.0,-15.34,-1.3,1022547900,21280593,1120899587,23314520,4750245089
2024-01-30,VN-Index,1175.69,1175.97,1179.65,1179.92,1174.13,0.0,3.96,0.34,564656400,12251798,620146298,13741168,4812919304
2024-01-29,VN-Index,1175.67,1177.23,1175.69,1180.46,1174.88,0.0,0.02,0.0,552811300,11570988,666529537,14288637,4796927567
2024-01-26,VN-Index,1170.37,1173.26,1175.67,1176.76,1173.26,0.0,5.3,0.45,498217000,10949159,575224219,12899350,4795864129
2024-01-25,VN-Index,1172.97,1173.7,1170.37,1173.83,1168.5,0.0,-2.6,-0.22,480699500,10011251,540538159,11361880,4773244590
2024-01-24,VN-Index,1177.5,1175.58,1172.97,1180.3,1172.0,0.0,-4.53,-0.38,644055900,13347064,733190188,15507046,4783402922
2024-01-23,VN-Index,1182.86,1184.13,1177.5,1184.74,1173.78,0.0,-5.36,-0.45,600595700,12956780,683712214,15114513,4802712125
2024-01-22,VN-Index,1181.5,1185.6,1182.86,1186.96,1175.54,0.0,1.36,0.12,770796000,16088100,889669900,18738572,4824862766
2024-01-19,VN-Index,1169.06,1171.5,1181.5,1181.5,1169.06,0.0,12.44,1.06,630781700,13925339,662887992,14796423,4817407717
2024-01-18,VN-Index,1162.53,1164.35,1169.06,1169.73,1162.62,0.0,6.53,0.56,569563600,12403463,596148450,13197263,4767101115
2024-01-17,VN-Index,1163.12,1161.95,1162.53,1168.46,1160.45,0.0,-0.59,-0.05,694094400,15063562,769803132,16726940,4740086967
2024-01-16,VN-Index,1154.12,1149.93,1163.12,1163.12,1147.71,0.0,9.0,0.78,570974600,12199997,611399775,13130643,4744243914
2024-01-15,VN-Index,1154.7,1158.33,1154.12,1163.75,1154.12,0.0,-0.58,-0.05,559640600,11533342,617145386,12657851,4708155597
2024-01-12,VN-Index,1162.22,1159.25,1154.7,1161.91,1146.75,0.0,-7.52,-0.65,1037940400,21495161,1086669255,22751691,4711428301
2024-01-11,VN-Index,1161.54,1162.49,1162.22,1169.1,1157.43,0.0,0.68,0.06,782237200,15855086,860493292,17317231,4737695640
2024-01-10,VN-Index,1158.59,1158.82,1161.54,1166.1,1155.94,0.0,2.95,0.25,935719400,19502536,992761212,20756279,4730433317
2024-01-09,VN-Index,1160.19,1161.45,1158.59,1162.83,1155.46,0.0,-1.6,-0.14,799457700,16876761,870509266,18443410,4718438216
2024-01-08,VN-Index,1154.68,1157.54,1160.19,1162.56,1155.48,0.0,5.51,0.48,814410600,17129186,905408420,19201347,4724576842
2024-01-05,VN-Index,1150.72,1151.43,1154.68,1155.84,1149.08,0.0,3.96,0.34,760282600,15396210,803268328,16300250,4702430774
2024-01-04,VN-Index,1144.17,1145.49,1150.72,1160.08,1144.17,0.0,6.55,0.57,1141608900,24320941,1181354559,25296676,4687784607
2024-01-03,VN-Index,1131.72,1131.97,1144.17,1144.17,1128.32,0.0,12.45,1.1,657568100,13104425,719932658,14708571,4663009113
2024-01-02,VN-Index,1129.93,1138.01,1131.72,1139.71,1128.69,0.0,1.79,0.16,777337200,15838337,842255467,17111427,4613333996
2023-12-29,VN-Index,1128.93,1131.68,1129.93,1135.05,1129.93,0.0,1.0,0.09,616484900,13092664,710847562,15774233,4611820834
2023-12-28,VN-Index,1121.99,1122.77,1128.93,1130.58,1120.5,0.0,6.94,0.62,608466000,12971219,716927949,15501518,4607243994
2023-12-27,VN-Index,1122.25,1123.49,1121.99,1126.47,1121.99,0.0,-0.26,-0.02,570737700,12204018,776800261,19333431,4583397208
2023-12-26,VN-Index,1117.66,1118.3,1122.25,1123.11,1117.93,0.0,4.59,0.41,575288900,13037121,644741653,14738587,4583913649
2023-12-25,VN-Index,1103.06,1104.46,1117.66,1118.31,1104.27,0.0,14.6,1.32,550839600,12029616,658538434,15150451,4565697098
2023-12-22,VN-Index,1102.43,1102.23,1103.06,1104.65,1099.32,0.0,0.63,0.06,496287600,10625326,558031547,12254362,4506699547
2023-12-21,VN-Index,1100.76,1096.22,1102.43,1102.43,1094.47,0.0,1.67,0.15,451416900,9698706,520999516,11290701,4503225144
2023-12-20,VN-Index,1096.3,1097.62,1100.76,1102.27,1093.38,0.0,4.46,0.41,470483400,9584469,598209855,13276649,4491747422
2023-12-19,VN-Index,1091.88,1091.9,1096.3,1096.3,1082.29,0.0,4.42,0.4,561157600,10878591,649906769,12805708,4473492922
2023-12-18,VN-Index,1102.3,1103.36,1091.88,1103.74,1091.45,0.0,-10.42,-0.95,544297600,10468306,711857593,14692449,4456130399
2023-12-15,VN-Index,1110.13,1109.36,1102.3,1112.79,1102.3,0.0,-7.83,-0.71,684449900,14166413,749829297,15885360,4498787095
2023-12-14,VN-Index,1114.2,1118.14,1110.13,1120.36,1107.86,0.0,-4.07,-0.37,603922700,12150936,681022113,14681161,4529869741
2023-12-13,VN-Index,1127.63,1130.19,1114.2,1131.21,1112.08,0.0,-13.43,-1.19,763977100,16185613,844042125,18447878,4531541607
2023-12-12,VN-Index,1125.5,1127.85,1127.63,1129.77,1123.35,0.0,2.13,0.19,539184200,11213338,645624476,13978227,4585621271
2023-12-11,VN-Index,1124.44,1127.92,1125.5,1129.15,1120.32,0.0,1.06,0.09,618307400,12540737,700589754,14651409,4577347180
2023-12-08,VN-Index,1121.49,1121.78,1124.44,1127.46,1119.43,0.0,2.95,0.26,737605100,15707125,819095049,17742559,4546707115
2023-12-07,VN-Index,1126.43,1127.52,1121.49,1129.83,1109.51,0.0,-4.94,-0.44,1298392700,26374997,1334588551,27446631,4534924501
2023-12-06,VN-Index,1115.97,1118.06,1126.43,1126.43,1115.97,0.0,10.46,0.94,776768800,15875750,853960306,18029178,4555815073
2023-12-05,VN-Index,1120.49,1122.28,1115.97,1124.11,1113.55,0.0,-4.52,-0.4,753445900,15510195,824655978,17092634,4514002233
2023-12-04,VN-Index,1102.16,1107.74,1120.49,1123.96,1102.16,0.0,18.33,1.66,1038038200,22270335,1120648335,24229322,4534355900
2023-12-01,VN-Index,1094.13,1099.18,1102.16,1102.2,1090.08,0.0,8.03,0.73,569333300,11334299,603587510,12228291,4453765601
2023-11-30,VN-Index,1102.8,1101.75,1094.13,1107.45,1094.13,0.0,-8.67,-0.79,659979600,13165271,723218378,14667644,4421392310
2023-11-29,VN-Index,1095.43,1097.28,1102.8,1105.28,1095.43,0.0,7.37,0.67,562813100,11523473,614957140,12621650,4470098825
2023-11-28,VN-Index,1088.06,1088.54,1095.43,1095.43,1076.45,0.0,7.37,0.68,593255200,12049841,681884567,14060122,4440760357
2023-11-27,VN-Index,1095.61,1095.59,1088.06,1096.84,1085.69,0.0,-7.55,-0.69,507177400,9976014,595015273,11809052,4436126289
2023-11-24,VN-Index,1088.49,1090.72,1095.61,1095.61,1073.31,0.0,7.12,0.65,900833700,17775201,958343250,19243047,4467108505
2023-11-23,VN-Index,1113.82,1116.32,1088.49,1118.54,1088.49,0.0,-25.33,-2.27,952327300,19158206,1028270888,20637944,4436645850
2023-11-22,VN-Index,1110.46,1111.35,1113.82,1115.47,1103.26,0.0,3.36,0.3,812231500,17355100,946276924,20241917,4539199250
2023-11-21,VN-Index,1103.66,1104.52,1110.46,1112.77,1103.79,0.0,6.8,0.62,601828500,12700095,712613814,14882482,4527347287
2023-11-20,VN-Index,1101.19,1089.99,1103.66,1111.26,1085.32,0.0,2.47,0.22,750883200,15115436,841468794,16973002,4500205536
2023-11-17,VN-Index,1125.53,1127.92,1101.19,1129.84,1096.16,0.0,-24.34,-2.16,1175535600,22737266,1255204381,24334766,4490031212
2023-11-16,VN-Index,1122.5,1119.81,1125.53,1125.53,1114.97,0.0,3.03,0.27,605124900,12690012,687396150,14780008,4589258114
2023-11-15,VN-Index,1109.73,1124.56,1122.5,1132.75,1118.74,0.0,12.77,1.15,882296600,18328483,937960012,19655137,4577705735
2024-11-14,UPCOM-Index,92.35,92.35,91.87,92.38,91.73,0.0,-0.48,-0.52,34074360,728225,49015908,1035775,1530941456
2024-11-13,UPCOM-Index,92.39,92.39,92.35,92.42,91.65,0.0,-0.04,-0.05,29871979,560479,35061479,667273,1557940468
2024-11-12,UPCOM-Index,92.4,92.4,92.39,92.83,92.12,0.0,-0.01,-0.01,28359549,633916,33243849,720975,1559193587
2024-11-11,UPCOM-Index,92.15,92.16,92.4,92.4,91.88,0.0,0.25,0.27,36247544,798476,37051677,819011,1544619992
2024-11-08,UPCOM-Index,92.32,92.33,92.15,92.45,91.9,0.0,-0.16,-0.18,32640899,606952,39208370,772303,1519644210
2024-11-07,UPCOM-Index,92.71,92.72,92.32,92.88,92.21,0.0,-0.39,-0.42,23206954,603268,26289454,661109,1496484239
2024-11-06,UPCOM-Index,91.9,91.91,92.71,92.72,91.86,0.0,0.8,0.87,26533674,505454,40933825,695615,1474720355
2024-11-05,UPCOM-Index,91.61,91.61,91.9,91.91,91.56,0.0,0.3,0.32,17534896,334954,19735384,377716,1460837532
2024-11-04,UPCOM-Index,91.96,91.97,91.61,92.2,91.46,0.0,-0.36,-0.39,21770484,361253,31772310,451527,1451020638
2024-11-01,UPCOM-Index,92.38,92.39,91.96,92.51,91.63,0.0,-0.41,-0.45,38320035,495824,63085656,753140,1454518499
2024-10-31,UPCOM-Index,92.46,92.47,92.38,92.56,92.05,0.0,-0.08,-0.09,30400557,522727,37231957,596587,1470270903
2024-10-30,UPCOM-Index,92.32,92.33,92.46,92.82,92.07,0.0,0.14,0.15,26581490,476815,31382529,578433,1474972073
2024-10-29,UPCOM-Index,92.15,92.15,92.32,92.4,91.93,0.0,0.18,0.19,22619774,512760,23868664,537509,1475727766
2024-10-28,UPCOM-Index,91.82,91.83,92.15,92.15,91.82,0.0,0.33,0.36,20380568,429442,30857330,688675,1456640426
2024-10-25,UPCOM-Index,92.06,92.06,91.82,92.09,91.46,0.0,-0.24,-0.26,43155884,390789,47065964,420326,1449785760
2024-10-24,UPCOM-Index,92.12,92.13,92.06,92.23,91.78,0.0,-0.06,-0.07,28984318,397465,31153984,438925,1448011813
2024-10-23,UPCOM-Index,91.73,91.73,92.12,92.12,91.42,0.0,0.39,0.43,20563211,272573,38822943,589791,1441325902
2024-10-22,UPCOM-Index,92.14,92.15,91.73,92.17,91.61,0.0,-0.41,-0.45,35712217,562555,43742762,643366,1435306669
2024-10-21,UPCOM-Index,92.7,92.7,92.14,92.87,91.99,0.0,-0.56,-0.6,29988985,452631,36076506,569913,1448488020
2024-10-18,UPCOM-Index,92.7,92.7,92.7,93.0,92.51,0.0,0.0,0.0,30432485,396473,38837916,508116,1457165770
2024-10-17,UPCOM-Index,92.32,92.32,92.7,92.7,91.96,0.0,0.38,0.41,24496208,401809,122801963,1949129,1459891417
2024-10-16,UPCOM-Index,92.17,92.18,92.32,92.44,91.9,0.0,0.15,0.17,22124381,420005,28042718,542513,1457651750
2024-10-15,UPCOM-Index,92.38,92.39,92.17,92.65,91.96,0.0,-0.22,-0.23,40484823,686023,57584553,967008,1446201826
2024-10-14,UPCOM-Index,92.6,92.6,92.38,92.93,92.26,0.0,-0.22,-0.24,28537840,469977,30953824,524564,1456015824
2024-10-11,UPCOM-Index,92.57,92.58,92.6,92.74,92.13,0.0,0.03,0.03,38245399,601317,48064889,745773,1457034228
2024-10-10,UPCOM-Index,92.45,92.45,92.57,92.95,92.34,0.0,0.12,0.13,32282914,534824,81271616,1135817,1440580099
2024-10-09,UPCOM-Index,92.45,92.45,92.45,92.53,91.95,0.0,0.0,0.0,29451655,553891,33373739,759942,1439099881
2024-10-08,UPCOM-Index,92.47,92.47,92.45,92.72,92.08,0.0,-0.02,-0.02,33507174,496625,37462212,540801,1419888614
2024-10-07,UPCOM-Index,92.37,92.37,92.47,92.87,92.11,0.0,0.1,0.11,26246686,331009,35740662,566203,1416338996
2024-10-04,UPCOM-Index,92.68,92.69,92.37,92.84,92.11,0.0,-0.31,-0.34,40266346,527521,46394930,554263,1417947802
2024-10-03,UPCOM-Index,93.28,93.29,92.68,93.68,92.54,0.0,-0.59,-0.64,53404383,756825,55348977,966809,1416941444
2024-10-02,UPCOM-Index,93.28,93.28,93.28,93.33,92.77,0.0,0.0,0.0,36471691,598171,38557377,627203,1425569018
2024-10-01,UPCOM-Index,93.56,93.57,93.28,93.76,93.18,0.0,-0.28,-0.3,50843976,730008,77106729,1041215,1427994171
2024-09-30,UPCOM-Index,93.9,94.33,93.56,94.34,93.08,0.0,-0.33,-0.36,40611858,608657,45940293,702619,1429384295
2024-09-27,UPCOM-Index,93.5,93.52,93.9,94.34,93.4,0.0,0.39,0.42,72445763,754136,80121560,829934,1438538001
2024-09-26,UPCOM-Index,93.5,93.5,93.5,93.7,93.23,0.0,0.0,0.0,54724228,910816,65955652,1087431,1445573948
2024-09-25,UPCOM-Index,93.81,93.81,93.5,93.82,93.02,0.0,-0.31,-0.33,39745127,591831,61813185,868238,1446582420
2024-09-24,UPCOM-Index,93.65,93.66,93.81,93.93,93.35,0.0,0.17,0.18,28951783,472172,45078434,820926,1459993762
2024-09-23,UPCOM-Index,93.63,93.64,93.65,93.85,93.17,0.0,0.01,0.01,26718591,468154,38124749,605164,1450841109
2024-09-20,UPCOM-Index,93.63,93.63,93.63,94.01,93.34,0.0,0.0,0.0,53734367,721889,62863678,779071,1455361587
2024-09-19,UPCOM-Index,93.47,93.48,93.63,93.63,92.34,0.0,0.16,0.18,38923265,493298,51560179,622109,1449447535
2024-09-18,UPCOM-Index,93.12,93.12,93.47,93.47,92.89,0.0,0.35,0.37,56373946,690366,58425426,714243,1449491532
2024-09-17,UPCOM-Index,92.57,92.58,93.12,93.12,92.22,0.0,0.55,0.59,24247754,393450,35077162,539106,1418537241
2024-09-16,UPCOM-Index,92.95,92.95,92.57,93.14,92.01,0.0,-0.38,-0.41,21854809,376764,25071434,428784,1410733193
2024-09-13,UPCOM-Index,92.73,92.73,92.95,93.0,92.34,0.0,0.23,0.25,28320557,357614,29287393,369311,1418594587
2024-09-12,UPCOM-Index,92.32,92.32,92.73,92.76,92.05,0.0,0.4,0.44,19836740,342997,33655920,544142,1420186051
2024-09-11,UPCOM-Index,92.36,92.36,92.32,92.5,91.81,0.0,-0.04,-0.04,23102864,419884,24614080,521640,1419337350
2024-09-10,UPCOM-Index,93.0,93.01,92.36,93.28,92.29,0.0,-0.64,-0.69,29670225,520508,29818535,523539,1419854453
2024-09-09,UPCOM-Index,93.37,93.37,93.0,93.43,92.83,0.0,-0.36,-0.39,22569755,406419,24902309,457284,1428863266
2024-09-06,UPCOM-Index,93.47,93.47,93.37,93.8,92.96,0.0,-0.1,-0.11,33404515,507952,35795068,544798,1436186012
2024-09-05,UPCOM-Index,93.75,93.76,93.47,94.07,93.25,0.0,-0.28,-0.3,31993934,593368,35154118,672343,1445741920
2024-09-04,UPCOM-Index,94.17,94.17,93.75,94.2,93.47,0.0,-0.42,-0.44,32219833,598655,32370133,602293,1459018878
2024-08-30,UPCOM-Index,93.85,93.85,94.17,94.17,93.73,0.0,0.31,0.33,30836393,453960,34456399,503981,1472109066
2024-08-29,UPCOM-Index,94.13,94.14,93.85,94.3,93.57,0.0,-0.28,-0.3,22728523,395545,25506924,446243,1463818784
2024-08-28,UPCOM-Index,94.15,94.15,94.13,94.31,93.66,0.0,-0.01,-0.01,30685297,544280,37719780,635903,1468212943
2024-08-27,UPCOM-Index,94.16,94.16,94.15,94.21,93.79,0.0,-0.02,-0.02,31223577,612215,38114332,678929,1464125424
2024-08-26,UPCOM-Index,94.41,94.4,94.16,94.75,93.9,0.0,-0.25,-0.26,32819495,597844,33462399,609015,1464910824
2024-08-23,UPCOM-Index,94.49,94.49,94.41,94.58,93.96,0.0,-0.09,-0.09,46438184,631596,47465059,666426,1477747173
2024-08-22,UPCOM-Index,94.48,94.49,94.49,94.79,94.23,0.0,0.01,0.01,32944559,616678,33148738,621840,1485802542
2024-08-21,UPCOM-Index,94.1,94.11,94.48,94.48,94.07,0.0,0.38,0.4,52263632,998287,59029708,1063572,1487407955
2024-08-20,UPCOM-Index,93.72,93.73,94.1,94.23,93.61,0.0,0.38,0.41,45437542,817791,46373387,835246,1477912821
2024-08-19,UPCOM-Index,93.44,93.45,93.72,93.87,93.42,0.0,0.28,0.3,41724805,784442,43547512,820140,1472471615
2024-08-16,UPCOM-Index,92.18,92.18,93.44,93.45,92.17,0.0,1.26,1.36,71436079,1193394,74489265,1220322,1460875069
2024-08-15,UPCOM-Index,92.65,92.65,92.18,92.9,92.01,0.0,-0.47,-0.5,29211325,558457,31799600,582514,1427617592
2024-08-14,UPCOM-Index,92.79,92.8,92.65,93.06,92.3,0.0,-0.14,-0.15,35989514,655429,37197979,789485,1447372404
2024-08-13,UPCOM-Index,93.0,93.01,92.79,93.27,92.49,0.0,-0.21,-0.23,44950653,855586,45973229,868492,1447276961
2024-08-12,UPCOM-Index,92.8,92.82,93.0,93.4,92.57,0.0,0.2,0.21,37546530,636896,38927430,658462,1440732918
2024-08-09,UPCOM-Index,92.12,92.13,92.8,92.88,92.12,0.0,0.68,0.74,48203648,636569,54217488,759545,1438145764
2024-08-08,UPCOM-Index,92.03,92.04,92.12,92.62,91.85,0.0,0.09,0.1,42390294,753288,43999719,799960,1410671517
2024-08-07,UPCOM-Index,92.22,92.23,92.03,92.41,91.62,0.0,-0.19,-0.21,32918732,609084,37520181,674181,1405771401
2024-08-06,UPCOM-Index,90.79,90.79,92.22,92.26,90.69,0.0,1.43,1.58,35514897,650373,38025448,725396,1412219335
2024-08-05,UPCOM-Index,93.77,93.77,90.79,93.77,90.44,0.0,-2.99,-3.18,60452097,1004932,64549171,1035980,1393426667
2024-08-02,UPCOM-Index,93.52,93.51,93.77,93.79,92.35,0.0,0.25,0.27,56982265,905713,83988329,1306396,1453451359
2024-08-01,UPCOM-Index,95.07,95.07,93.52,95.25,93.04,0.0,-1.55,-1.63,56785627,1110880,63902940,1211976,1436054504
2024-07-31,UPCOM-Index,95.24,95.24,95.07,95.44,94.67,0.0,-0.18,-0.18,44237353,935388,46699516,978614,1489950599
2024-07-30,UPCOM-Index,95.46,95.47,95.24,95.58,94.82,0.0,-0.22,-0.23,35327477,693592,44313543,818876,1498571545
2024-07-29,UPCOM-Index,95.18,95.18,95.46,95.73,95.11,0.0,0.28,0.3,34328142,679876,34428142,682446,1499162347
2024-07-26,UPCOM-Index,94.51,94.51,95.18,95.18,94.39,0.0,0.67,0.71,43855558,646515,47049019,700390,1477342339
2024-07-25,UPCOM-Index,94.53,94.54,94.51,94.63,93.89,0.0,-0.02,-0.02,30751698,524699,32092823,545841,1465287974
2024-07-24,UPCOM-Index,94.4,94.4,94.53,94.54,93.28,0.0,0.13,0.14,46785412,982874,50119485,1056160,1450335065
2024-07-23,UPCOM-Index,95.65,95.64,94.4,95.8,94.05,0.0,-1.25,-1.31,55980071,1093316,59577522,1161673,1440148202
2024-07-22,UPCOM-Index,96.78,96.78,95.65,96.82,94.88,0.0,-1.12,-1.16,62252071,1133864,66270384,1203209,1479615005
2024-07-19,UPCOM-Index,97.61,97.63,96.78,98.04,96.49,0.0,-0.84,-0.86,53569001,738075,55043798,774437,1525366464
2024-07-18,UPCOM-Index,97.27,97.23,97.61,97.71,96.38,0.0,0.34,0.35,53843092,1072449,58080496,1332741,1549560546
2024-07-17,UPCOM-Index,98.26,98.22,97.27,98.77,96.34,0.0,-0.98,-1.0,91916897,1916177,97422517,1984616,1552559972
2024-07-16,UPCOM-Index,97.92,97.92,98.26,98.49,97.9,0.0,0.34,0.34,61928722,1323215,62601948,1330975,1599899281
2024-07-15,UPCOM-Index,98.14,98.15,97.92,98.41,97.53,0.0,-0.23,-0.23,39725996,841456,48549270,1120687,1629603690
2024-07-12,UPCOM-Index,98.32,98.32,98.14,98.58,97.78,0.0,-0.17,-0.18,62457895,970697,70883034,1099360,1640334026
2024-07-11,UPCOM-Index,98.7,98.68,98.32,99.3,98.24,0.0,-0.38,-0.38,45671459,961129,50610241,1222649,1656206444
2024-07-10,UPCOM-Index,99.25,99.26,98.7,99.6,98.64,0.0,-0.55,-0.56,62722422,1349239,74661113,1544361,1665992026
2024-07-09,UPCOM-Index,98.58,98.59,99.25,99.25,98.55,0.0,0.67,0.68,62832230,1337126,68883085,1447577,1666590166
2024-07-08,UPCOM-Index,98.26,98.27,98.58,98.75,98.08,0.0,0.31,0.32,53867794,1115642,60605389,1456512,1663579320
2024-07-05,UPCOM-Index,98.26,98.26,98.26,98.76,98.01,0.0,0.0,0.0,62125681,983024,67470864,1074797,1656226897
2024-07-04,UPCOM-Index,97.9,97.91,98.26,98.39,97.9,0.0,0.36,0.37,60853437,1135745,80700483,1411780,1656963452
2024-07-03,UPCOM-Index,97.58,97.58,97.9,97.9,97.46,0.0,0.32,0.33,37767620,771884,56663919,1208855,1623742893
2024-07-02,UPCOM-Index,97.3,97.26,97.58,97.58,97.18,0.0,0.28,0.28,37948423,765551,38173546,778638,1619156558
2024-07-01,UPCOM-Index,97.54,97.54,97.3,97.62,96.53,0.0,-0.24,-0.24,41132475,920212,42393874,1006487,1612230372
2024-06-28,UPCOM-Index,98.53,98.52,97.54,98.72,96.8,0.0,-0.99,-1.0,82028120,1380244,84531238,1403876,1634672766
2024-06-27,UPCOM-Index,98.9,98.9,98.53,99.07,98.14,0.0,-0.37,-0.38,43450153,961832,64008370,1195897,1673178046
2024-06-26,UPCOM-Index,98.83,98.81,98.9,99.01,98.1,0.0,0.07,0.07,52015646,980051,66179561,1254214,1691207976
2024-06-25,UPCOM-Index,99.06,99.06,98.83,99.28,98.29,0.0,-0.23,-0.23,57362591,1235773,72944042,1447497,1665141403
2024-06-24,UPCOM-Index,100.58,100.58,99.06,101.25,98.69,0.0,-1.53,-1.52,98864811,2323967,109714228,2511887,1679944062
2024-06-21,UPCOM-Index,99.27,99.28,100.58,100.59,99.27,0.0,1.31,1.32,114516620,2031795,127922655,2354751,1742412486
2024-06-20,UPCOM-Index,98.36,98.38,99.27,99.27,98.21,0.0,0.9,0.92,63225144,1358932,70128344,1488737,1718603725
2024-06-19,UPCOM-Index,98.31,98.31,98.36,98.46,97.61,0.0,0.05,0.06,55771774,1277299,65860108,1459578,1685890613
2024-06-18,UPCOM-Index,98.09,98.09,98.31,98.62,97.91,0.0,0.22,0.23,62300935,1528274,66926555,1663919,1665211266
2024-06-17,UPCOM-Index,98.05,98.05,98.09,98.27,97.61,0.0,0.03,0.04,52393218,1189740,55316290,1248432,1660799085
2024-06-14,UPCOM-Index,99.02,99.02,98.05,99.17,97.83,0.0,-0.96,-0.97,111529603,2127346,116401123,2200311,1622062293
2024-06-13,UPCOM-Index,99.14,99.14,99.02,99.45,98.67,0.0,-0.12,-0.12,63714899,1202397,65409036,1227215,1608152272
2024-06-12,UPCOM-Index,98.95,98.96,99.14,99.14,97.95,0.0,0.18,0.19,76612051,1515966,85587952,1608102,1577511199
2024-06-11,UPCOM-Index,99.56,99.56,98.95,99.74,98.47,0.0,-0.61,-0.61,72011018,1407816,77991490,1453145,1564913859
2024-06-10,UPCOM-Index,98.86,98.87,99.56,99.71,98.85,0.0,0.7,0.71,64780810,1258900,83093054,1477745,1568374395
2024-06-07,UPCOM-Index,98.32,98.32,98.86,98.87,98.19,0.0,0.54,0.55,100116486,1316646,115144239,1557478,1553504904
2024-06-06,UPCOM-Index,97.46,97.46,98.32,98.56,97.46,0.0,0.86,0.88,66350163,1524202,67249418,1545945,1540096199
2024-06-05,UPCOM-Index,97.0,96.97,97.46,97.71,96.97,0.0,0.46,0.48,66213108,1525687,93887990,2014349,1526469715
2024-06-04,UPCOM-Index,96.93,96.89,97.0,97.16,96.63,0.0,0.06,0.07,76273247,1492103,83868495,1596478,1530597143
2024-06-03,UPCOM-Index,95.88,95.88,96.93,97.05,95.85,0.0,1.05,1.09,58049376,1107648,59885176,1127945,1506134276
2024-05-31,UPCOM-Index,95.8,95.8,95.88,96.2,95.55,0.0,0.08,0.09,101103272,1153891,104143792,1189855,1465793467
2024-05-30,UPCOM-Index,95.92,95.92,95.8,95.94,94.77,0.0,-0.12,-0.13,68002409,1346733,186877201,3051012,1448233623
2024-05-29,UPCOM-Index,95.62,95.62,95.92,96.42,95.62,0.0,0.31,0.32,85774491,1472830,90610674,1527601,1451769693
2024-05-28,UPCOM-Index,94.87,94.88,95.62,95.62,94.8,0.0,0.75,0.79,63982635,1309220,67924259,1386071,1461032803
2024-05-27,UPCOM-Index,94.4,94.37,94.87,95.13,94.29,0.0,0.47,0.5,53222867,1033907,55202067,1084922,1435677888
2024-05-24,UPCOM-Index,95.17,95.13,94.4,95.79,93.67,0.0,-0.77,-0.81,135166995,1974033,139918060,2064750,1430211676
2024-05-23,UPCOM-Index,94.7,94.71,95.17,95.22,94.16,0.0,0.47,0.5,93357240,1719468,107862194,1914164,1454977744
2024-05-22,UPCOM-Index,94.45,94.45,94.7,95.28,94.32,0.0,0.25,0.27,108422141,1762013,205569313,2830367,1444954624
2024-05-21,UPCOM-Index,93.53,93.53,94.45,94.54,93.49,0.0,0.92,0.99,141550845,2239892,146773306,2390384,1426957496
2024-05-20,UPCOM-Index,93.07,93.07,93.53,93.65,93.02,0.0,0.46,0.49,61015423,1163619,68684445,1283168,1428724944
2024-05-17,UPCOM-Index,92.7,92.71,93.07,93.27,92.59,0.0,0.37,0.4,68362672,1048056,77550284,1196852,1409395880
2024-05-16,UPCOM-Index,92.1,92.12,92.7,92.77,92.1,0.0,0.6,0.65,61312489,1093257,65211079,1138417,1374822307
2024-05-15,UPCOM-Index,91.62,91.63,92.1,92.3,91.62,0.0,0.49,0.53,47096412,867907,47943298,915542,1349485470
2024-05-14,UPCOM-Index,91.48,91.5,91.62,92.01,91.26,0.0,0.14,0.15,42685083,641455,49031053,719917,1327479237
2024-05-13,UPCOM-Index,91.72,91.74,91.48,92.14,91.13,0.0,-0.24,-0.27,41224033,764011,43299846,787737,1317337034
2024-05-10,UPCOM-Index,91.91,91.91,91.72,92.17,91.16,0.0,-0.19,-0.2,61430351,725319,68372605,825251,1323728850
2024-05-09,UPCOM-Index,91.57,91.57,91.91,92.11,91.52,0.0,0.34,0.37,52863216,832183,59125540,896340,1319753424
2024-05-08,UPCOM-Index,91.1,91.1,91.57,91.69,90.87,0.0,0.47,0.52,58012676,863347,59712326,879858,1318918913
2024-05-07,UPCOM-Index,90.65,90.64,91.1,91.31,90.6,0.0,0.45,0.5,42748111,756885,51914028,934139,1309941757
2024-05-06,UPCOM-Index,89.78,89.79,90.65,90.67,89.78,0.0,0.87,0.97,43233229,810684,49090234,962141,1302567214
2024-05-03,UPCOM-Index,89.7,89.69,89.78,90.49,89.39,0.0,0.09,0.1,33255809,591539,34563347,616811,1282852002
2024-05-02,UPCOM-Index,88.76,88.76,89.7,89.7,88.56,0.0,0.94,1.06,22902985,548118,26722505,600322,1278307377
2024-04-26,UPCOM-Index,88.33,88.33,88.76,88.81,88.26,0.0,0.43,0.48,33138435,420656,35863435,446775,1247161183
2024-04-25,UPCOM-Index,88.37,88.37,88.33,88.56,87.9,0.0,-0.04,-0.04,21720992,449076,23322065,487642,1225509327
2024-04-24,UPCOM-Index,87.51,87.51,88.37,88.53,87.47,0.0,0.86,0.98,25322507,406120,26021137,414133,1226240040
2024-04-23,UPCOM-Index,88.02,88.02,87.51,88.29,87.27,0.0,-0.51,-0.58,27518105,420677,30483895,436163,1209407029
2024-04-22,UPCOM-Index,87.16,87.16,88.02,88.06,87.16,0.0,0.87,0.99,35491242,432002,36155058,438387,1198603434
2024-04-19,UPCOM-Index,88.15,88.15,87.16,88.17,86.62,0.0,-0.99,-1.13,66411195,673961,70805195,739735,1190731682
2024-04-17,UPCOM-Index,88.63,88.63,88.15,88.93,88.02,0.0,-0.48,-0.55,44939576,553427,49269037,623349,1201773680
2024-04-16,UPCOM-Index,88.98,88.99,88.63,89.08,87.49,0.0,-0.35,-0.39,59105255,718294,59943610,724402,1208774301
2024-04-15,UPCOM-Index,91.21,91.21,88.98,91.23,88.74,0.0,-2.23,-2.44,71889980,1074624,73551025,1111315,1194798914
2024-04-12,UPCOM-Index,90.92,90.92,91.21,91.37,90.8,0.0,0.29,0.32,64830003,630774,67100903,653936,1226070687
2024-04-11,UPCOM-Index,90.65,90.65,90.92,90.94,90.32,0.0,0.27,0.29,29097065,451626,29773268,469080,1217544211
2024-04-10,UPCOM-Index,90.57,90.57,90.65,91.09,90.5,0.0,0.08,0.08,39065742,594915,42762710,679662,1206527367
2024-04-09,UPCOM-Index,90.53,90.53,90.57,90.62,90.1,0.0,0.04,0.05,39572249,601216,43175297,667043,1209907657
2024-04-08,UPCOM-Index,90.65,90.66,90.53,90.94,90.42,0.0,-0.12,-0.13,39506309,631681,48721815,723407,1209545944
2024-04-05,UPCOM-Index,91.01,91.01,90.65,91.04,90.33,0.0,-0.36,-0.4,79978183,1078888,89475112,1147157,1230237526
2024-04-04,UPCOM-Index,91.15,91.15,91.01,91.25,90.76,0.0,-0.13,-0.15,40546381,696084,48193623,906651,1227281455
2024-04-03,UPCOM-Index,91.4,91.41,91.15,91.55,91.09,0.0,-0.26,-0.28,50469383,834128,55012441,945413,1227697360
2024-04-02,UPCOM-Index,91.33,91.33,91.4,91.41,90.8,0.0,0.08,0.08,49110891,749079,62463946,862950,1216911776
2024-04-01,UPCOM-Index,91.57,91.57,91.33,91.63,91.21,0.0,-0.24,-0.26,32505522,502493,37246622,558266,1205363774
2024-03-29,UPCOM-Index,91.48,91.49,91.57,91.76,91.35,0.0,0.09,0.09,42154412,560276,49043316,657075,1201902860
2024-03-28,UPCOM-Index,91.18,91.19,91.48,91.54,91.16,0.0,0.3,0.33,36597746,537749,39453046,586978,1192394632
2024-03-27,UPCOM-Index,91.2,91.22,91.18,91.46,90.91,0.0,-0.02,-0.03,43744738,690366,49074739,758530,1181167016
2024-03-26,UPCOM-Index,91.09,91.1,91.2,91.24,90.91,0.0,0.11,0.12,31008141,466978,34682633,504859,1174702051
2024-03-25,UPCOM-Index,90.95,90.96,91.09,91.48,90.8,0.0,0.14,0.15,38824235,588284,40383435,616344,1164959247
2024-03-22,UPCOM-Index,90.82,90.83,90.95,91.3,90.71,0.0,0.13,0.15,61596383,680802,67182627,740850,1168619804
2024-03-21,UPCOM-Index,90.54,90.55,90.82,90.82,90.33,0.0,0.27,0.3,39792538,536814,51716660,663923,1171001124
2024-03-20,UPCOM-Index,90.6,90.59,90.54,90.77,90.25,0.0,-0.06,-0.07,36318827,460973,38275237,510979,1167003900
2024-03-19,UPCOM-Index,90.32,90.32,90.6,90.68,90.22,0.0,0.28,0.31,30489087,413606,38611728,531323,1163208167
2024-03-18,UPCOM-Index,91.35,91.35,90.32,91.45,89.39,0.0,-1.03,-1.13,59096170,859261,62215198,887484,1161056875
2024-03-15,UPCOM-Index,91.62,91.62,91.35,91.74,90.91,0.0,-0.27,-0.29,53912578,659428,56463940,746599,1186713020
2024-03-14,UPCOM-Index,91.53,91.55,91.62,91.95,91.3,0.0,0.09,0.1,49569918,679144,52590537,711211,1195968297
2024-03-13,UPCOM-Index,90.77,90.79,91.53,91.54,90.71,0.0,0.76,0.84,51262013,729695,54920321,835636,1194826159
2024-03-12,UPCOM-Index,90.66,90.66,90.77,90.94,90.64,0.0,0.11,0.12,37300407,670501,38415685,706374,1182008022
2024-03-11,UPCOM-Index,91.23,91.24,90.66,91.47,90.5,0.0,-0.57,-0.63,37768627,607432,41758946,724018,1175938569
2024-03-08,UPCOM-Index,91.61,91.61,91.23,91.73,91.04,0.0,-0.37,-0.41,55752232,681819,60806429,770472,1171591524
2024-03-07,UPCOM-Index,91.24,91.25,91.61,91.61,91.12,0.0,0.37,0.4,45119597,649832,60000630,1003228,1177705983
2024-03-06,UPCOM-Index,91.78,91.78,91.24,91.9,90.84,0.0,-0.54,-0.59,44675785,663750,47759733,734055,1179190091
2024-03-05,UPCOM-Index,91.13,91.13,91.78,91.78,91.02,0.0,0.65,0.71,38325656,581981,42026614,687474,1177824059
2024-03-04,UPCOM-Index,91.16,91.16,91.13,91.5,91.05,0.0,-0.03,-0.03,43989298,683252,44663277,709502,1157353494
2024-03-01,UPCOM-Index,90.63,90.63,91.16,91.19,90.63,0.0,0.53,0.59,55247193,611582,60102193,656668,1144675638
2024-02-29,UPCOM-Index,90.54,90.57,90.63,91.0,90.18,0.0,0.09,0.09,34201152,611794,34914852,630510,1137284710
2024-02-28,UPCOM-Index,90.4,90.4,90.54,90.68,90.24,0.0,0.14,0.16,43086917,766751,46716800,821198,1136717459
2024-02-27,UPCOM-Index,90.49,90.5,90.4,90.51,90.04,0.0,-0.09,-0.1,45194329,732424,47638405,784009,1129420163
2024-02-26,UPCOM-Index,90.16,90.18,90.49,90.49,89.71,0.0,0.33,0.37,38686935,650204,39181135,663320,1117752841
2024-02-23,UPCOM-Index,90.57,90.58,90.16,90.95,89.92,0.0,-0.41,-0.46,74827987,916094,76786489,949752,1111414498
2024-02-22,UPCOM-Index,90.61,90.61,90.57,90.96,90.26,0.0,-0.03,-0.04,54957712,737208,56251228,770599,1118749315
2024-02-21,UPCOM-Index,90.53,90.53,90.61,90.62,90.04,0.0,0.08,0.09,35042539,572772,36047192,602142,1127008099
2024-02-20,UPCOM-Index,90.45,90.46,90.53,90.66,90.12,0.0,0.07,0.08,35016100,518904,47066329,785842,1123883490
2024-02-19,UPCOM-Index,90.06,90.07,90.45,90.65,89.96,0.0,0.39,0.43,52800200,870691,133559400,2640873,1121163861
2024-02-16,UPCOM-Index,90.06,90.06,90.06,90.21,89.61,0.0,0.01,0.01,38941900,433038,45862450,457390,1113171351
2024-02-15,UPCOM-Index,89.33,89.33,90.06,90.06,89.25,0.0,0.72,0.81,27456600,449030,29296900,486030,1106439098
2024-02-07,UPCOM-Index,88.86,88.87,89.33,89.33,88.68,0.0,0.47,0.53,20554400,316140,30929640,457429,1100230266
2024-02-06,UPCOM-Index,88.53,88.51,88.86,88.9,88.5,0.0,0.34,0.38,21925400,350738,27473959,435450,1101513169
2024-02-05,UPCOM-Index,88.37,88.38,88.53,88.53,88.17,0.0,0.15,0.17,27513100,434102,43533251,667828,1096574598
2024-02-02,UPCOM-Index,88.02,88.04,88.37,88.38,87.96,0.0,0.36,0.41,34854900,466057,82897043,1184859,1088925063
2024-02-01,UPCOM-Index,87.69,87.69,88.02,88.05,87.53,0.0,0.33,0.37,26448000,458055,31755951,628350,1089832537
2024-01-31,UPCOM-Index,87.85,87.85,87.69,88.22,87.36,0.0,-0.16,-0.19,31925400,481437,109998910,1808704,1085145661
2024-01-30,UPCOM-Index,87.6,87.6,87.85,87.89,87.04,0.0,0.25,0.29,29201100,416529,49549296,732304,1069222578
2024-01-29,UPCOM-Index,87.7,87.7,87.6,87.91,87.41,0.0,-0.1,-0.11,25187800,427228,38561270,713025,1060378619
2024-01-26,UPCOM-Index,87.68,87.68,87.7,88.17,87.25,0.0,0.02,0.02,38993100,487285,49548232,678864,1066161088
2024-01-25,UPCOM-Index,87.64,87.64,87.68,87.87,87.37,0.0,0.04,0.04,24751400,328498,33322655,491674,1055949565
2024-01-24,UPCOM-Index,87.45,87.45,87.64,87.64,87.11,0.0,0.19,0.22,34674800,458848,42908037,625257,1047525519
2024-01-23,UPCOM-Index,87.72,87.72,87.45,87.76,87.1,0.0,-0.27,-0.31,25764800,371221,37072462,553141,1046534721
2024-01-22,UPCOM-Index,87.46,87.47,87.72,87.72,87.13,0.0,0.25,0.29,30432000,496675,33761000,551780,1047254700
2024-01-19,UPCOM-Index,87.16,87.17,87.46,87.51,87.0,0.0,0.31,0.35,37741300,495008,58712035,668860,1044297250
2024-01-18,UPCOM-Index,86.96,86.95,87.16,87.34,86.8,0.0,0.2,0.23,27429600,419504,32916600,552707,1037630509
2024-01-17,UPCOM-Index,87.02,87.03,86.96,87.42,86.76,0.0,-0.07,-0.08,24150500,340599,26123381,384610,1038072840
2024-01-16,UPCOM-Index,86.61,86.63,87.02,87.02,86.34,0.0,0.41,0.48,21626500,333009,55714197,783738,1035162734
2024-01-15,UPCOM-Index,86.9,86.91,86.61,87.2,86.5,0.0,-0.28,-0.33,24287500,350761,32685838,466107,1033353390
2024-01-12,UPCOM-Index,87.56,87.56,86.9,87.67,86.76,0.0,-0.66,-0.75,47890400,557302,65705115,763082,1035721379
2024-01-11,UPCOM-Index,87.15,87.15,87.56,87.69,87.07,0.0,0.41,0.47,34408300,434920,37328399,503784,1040032217
2024-01-10,UPCOM-Index,87.72,87.73,87.15,87.81,86.84,0.0,-0.58,-0.66,34195100,473389,60280065,815753,1038789702
2024-01-09,UPCOM-Index,87.79,87.81,87.72,88.11,87.44,0.0,-0.06,-0.07,39077200,531530,51614120,725363,1045565217
2024-01-08,UPCOM-Index,87.93,87.93,87.79,88.55,87.54,0.0,-0.14,-0.16,31658800,408014,50782639,690541,1037031577
2024-01-05,UPCOM-Index,87.73,87.75,87.93,88.18,87.3,0.0,0.2,0.23,38998900,429136,43388655,453285,1037144665
2024-01-04,UPCOM-Index,87.8,87.8,87.73,88.15,87.31,0.0,-0.08,-0.09,43019000,588646,60080174,856694,1036043574
2024-01-03,UPCOM-Index,87.58,87.58,87.8,87.92,87.26,0.0,0.22,0.25,31183200,401248,38963715,486144,1039805666
2024-01-02,UPCOM-Index,87.04,87.05,87.58,88.06,87.0,0.0,0.54,0.62,34702000,469066,39782069,550261,1029264928
2023-12-29,UPCOM-Index,86.97,86.97,87.04,87.22,86.25,0.0,0.07,0.09,41386600,460210,73296584,1044176,1030424055
2023-12-28,UPCOM-Index,86.46,86.46,86.97,86.97,86.46,0.0,0.51,0.59,22617700,367890,51570316,718355,1021043492
2023-12-27,UPCOM-Index,86.24,86.24,86.46,86.68,86.21,0.0,0.21,0.25,25094400,418345,50741410,874893,1017755357
2023-12-26,UPCOM-Index,86.21,86.22,86.24,86.56,86.05,0.0,0.03,0.04,19741500,328171,69309303,1414547,1017968918
2023-12-25,UPCOM-Index,86.14,86.17,86.21,86.54,85.98,0.0,0.08,0.09,21322900,363450,39487123,569977,1015840154
2023-12-22,UPCOM-Index,86.16,86.17,86.14,86.67,85.79,0.0,-0.02,-0.03,27695900,372673,40285654,597028,1009558161
2023-12-21,UPCOM-Index,85.48,85.48,86.16,86.16,85.26,0.0,0.68,0.79,16734700,240534,25987463,414850,1007385520
2023-12-20,UPCOM-Index,85.1,85.1,85.48,85.49,84.92,0.0,0.39,0.46,18438200,264704,28711963,507880,1006140026
2023-12-19,UPCOM-Index,84.88,84.89,85.1,85.13,84.43,0.0,0.21,0.25,22807200,285465,38888912,581874,1009886706
2023-12-18,UPCOM-Index,85.05,85.06,84.88,85.21,84.66,0.0,-0.17,-0.19,22991800,310956,34040893,447748,1006828212
2023-12-15,UPCOM-Index,85.22,85.23,85.05,85.34,84.7,0.0,-0.17,-0.2,35137400,333162,38259673,385637,1009882196
2023-12-14,UPCOM-Index,85.09,85.06,85.22,85.54,84.83,0.0,0.13,0.15,27430400,361316,36072679,512316,1012721591
2023-12-13,UPCOM-Index,85.35,85.36,85.09,85.55,84.51,0.0,-0.26,-0.3,42113600,468869,51861997,648807,1013537614
2023-12-12,UPCOM-Index,85.48,85.49,85.35,85.68,85.06,0.0,-0.13,-0.16,23242200,310717,27463678,380242,1019100680
2023-12-11,UPCOM-Index,85.71,85.71,85.48,86.08,85.18,0.0,-0.23,-0.26,25885400,339050,36928798,487545,1020790610
2023-12-08,UPCOM-Index,85.71,85.71,85.71,85.93,85.53,0.0,0.0,0.0,45106100,379479,57224287,506447,1022370899
2023-12-07,UPCOM-Index,86.31,86.31,85.71,86.4,85.19,0.0,-0.61,-0.7,50996200,666141,52126557,678645,1016965560
2023-12-06,UPCOM-Index,86.02,86.03,86.31,86.34,85.96,0.0,0.29,0.34,31339200,423753,32251258,433032,1028395888
2023-12-05,UPCOM-Index,85.97,85.97,86.02,86.25,85.84,0.0,0.06,0.07,35912800,525005,44041800,677480,1023157513
2023-12-04,UPCOM-Index,85.19,85.19,85.97,85.98,85.18,0.0,0.78,0.92,52659600,733341,74625952,1114598,1019398457
2023-12-01,UPCOM-Index,84.99,84.99,85.19,85.28,84.61,0.0,0.2,0.23,29829700,301384,38810779,438324,1015037148
2023-11-30,UPCOM-Index,85.04,85.05,84.99,85.33,84.79,0.0,-0.06,-0.06,23402600,343255,25907201,371296,1012395146
2023-11-29,UPCOM-Index,84.66,84.65,85.04,85.04,84.32,0.0,0.39,0.46,24749500,348003,26735473,371332,1010659447
2023-11-28,UPCOM-Index,84.5,84.5,84.66,84.66,83.87,0.0,0.16,0.19,22743900,317692,49262945,639159,1008820901
2023-11-27,UPCOM-Index,84.99,84.99,84.5,85.14,84.36,0.0,-0.5,-0.58,21174900,274128,22698450,322459,1007548647
2023-11-24,UPCOM-Index,84.95,84.95,84.99,84.99,84.21,0.0,0.04,0.05,44583500,481629,53499458,595482,1010303859
2023-11-23,UPCOM-Index,86.04,86.04,84.95,86.26,84.77,0.0,-1.09,-1.26,44498100,644391,45381550,669427,1013091391
2023-11-22,UPCOM-Index,86.22,86.23,86.04,86.31,85.46,0.0,-0.18,-0.21,27827000,423515,36943371,556476,1027331511
2023-11-21,UPCOM-Index,86.13,86.13,86.22,86.32,85.77,0.0,0.09,0.1,25305600,375184,26039692,381387,1027980393
2023-11-20,UPCOM-Index,86.02,86.03,86.13,86.13,85.42,0.0,0.11,0.13,25720300,346072,26212520,360148,1022974538
2023-11-17,UPCOM-Index,87.13,87.12,86.02,87.16,85.48,0.0,-1.11,-1.27,60554000,706105,61308901,716949,1023976740
2023-11-16,UPCOM-Index,87.0,87.01,87.13,87.13,86.5,0.0,0.12,0.14,26760000,443677,26920600,449589,1035905846
2023-11-15,UPCOM-Index,86.65,86.64,87.0,87.5,86.63,0.0,0.35,0.41,37185600,525694,39817740,550774,1028459333
